timestamp,zone_datetime,status,zone_name,carbon_intensity_avg,carbon_intensity_unit,fossilFuelPercentage
1634664602,2021-10-19T17:00:00.000Z,ok,NZ-NZN,117,gCO2eq/kWh,16.55
1634666403,2021-10-19T17:00:00.000Z,ok,NZ-NZN,109,gCO2eq/kWh,15.28
1634668202,2021-10-19T18:00:00.000Z,ok,NZ-NZN,109,gCO2eq/kWh,15.24
1634670002,2021-10-19T18:00:00.000Z,ok,NZ-NZN,112,gCO2eq/kWh,16.47
1634671802,2021-10-19T19:00:00.000Z,ok,NZ-NZN,112,gCO2eq/kWh,16.46
1634673602,2021-10-19T19:00:00.000Z,ok,NZ-NZN,105,gCO2eq/kWh,15.120000000000001
1634675402,2021-10-19T20:00:00.000Z,ok,NZ-NZN,105,gCO2eq/kWh,15.120000000000001
1634677203,2021-10-19T20:00:00.000Z,ok,NZ-NZN,104,gCO2eq/kWh,15.010000000000002
1634679003,2021-10-19T21:00:00.000Z,ok,NZ-NZN,104,gCO2eq/kWh,15.010000000000002
1634680802,2021-10-19T21:00:00.000Z,ok,NZ-NZN,102,gCO2eq/kWh,14.550000000000002
1634682602,2021-10-19T22:00:00.000Z,ok,NZ-NZN,103,gCO2eq/kWh,14.67
1634684402,2021-10-19T22:00:00.000Z,ok,NZ-NZN,104,gCO2eq/kWh,15
1634686203,2021-10-19T23:00:00.000Z,ok,NZ-NZN,104,gCO2eq/kWh,14.859999999999998
1634688002,2021-10-19T23:00:00.000Z,ok,NZ-NZN,96,gCO2eq/kWh,13.43
1634689802,2021-10-20T00:00:00.000Z,ok,NZ-NZN,94,gCO2eq/kWh,13.209999999999999
1634691602,2021-10-20T00:00:00.000Z,ok,NZ-NZN,95,gCO2eq/kWh,13.37
1634693402,2021-10-20T01:00:00.000Z,ok,NZ-NZN,95,gCO2eq/kWh,13.33
1634695203,2021-10-20T01:00:00.000Z,ok,NZ-NZN,97,gCO2eq/kWh,13.66
1634697002,2021-10-20T02:00:00.000Z,ok,NZ-NZN,97,gCO2eq/kWh,13.69
1634698802,2021-10-20T02:00:00.000Z,ok,NZ-NZN,96,gCO2eq/kWh,13.669999999999998
1634700602,2021-10-20T03:00:00.000Z,ok,NZ-NZN,96,gCO2eq/kWh,13.65
1634702402,2021-10-20T03:00:00.000Z,ok,NZ-NZN,99,gCO2eq/kWh,14.11
1634704202,2021-10-20T04:00:00.000Z,ok,NZ-NZN,99,gCO2eq/kWh,14.11
1634706003,2021-10-20T04:00:00.000Z,ok,NZ-NZN,98,gCO2eq/kWh,13.95
1634707802,2021-10-20T05:00:00.000Z,ok,NZ-NZN,98,gCO2eq/kWh,13.94
1634709602,2021-10-20T05:00:00.000Z,ok,NZ-NZN,96,gCO2eq/kWh,13.47
1634711402,2021-10-20T06:00:00.000Z,ok,NZ-NZN,96,gCO2eq/kWh,13.459999999999999
1634713203,2021-10-20T06:00:00.000Z,ok,NZ-NZN,96,gCO2eq/kWh,13.600000000000001
1634715002,2021-10-20T07:00:00.000Z,ok,NZ-NZN,96,gCO2eq/kWh,13.61
1634716802,2021-10-20T07:00:00.000Z,ok,NZ-NZN,93,gCO2eq/kWh,13
1634718602,2021-10-20T08:00:00.000Z,ok,NZ-NZN,93,gCO2eq/kWh,13.03
1634720402,2021-10-20T08:00:00.000Z,ok,NZ-NZN,99,gCO2eq/kWh,14.04
1634722202,2021-10-20T09:00:00.000Z,ok,NZ-NZN,99,gCO2eq/kWh,14.05
1634724003,2021-10-20T09:00:00.000Z,ok,NZ-NZN,97,gCO2eq/kWh,13.66
1634725802,2021-10-20T10:00:00.000Z,ok,NZ-NZN,97,gCO2eq/kWh,13.62
1634727602,2021-10-20T10:00:00.000Z,ok,NZ-NZN,102,gCO2eq/kWh,14.219999999999999
1634729403,2021-10-20T11:00:00.000Z,ok,NZ-NZN,102,gCO2eq/kWh,14.279999999999998
1634731202,2021-10-20T11:00:00.000Z,ok,NZ-NZN,101,gCO2eq/kWh,13.76
1634733002,2021-10-20T12:00:00.000Z,ok,NZ-NZN,100,gCO2eq/kWh,13.639999999999999
1634734802,2021-10-20T12:00:00.000Z,ok,NZ-NZN,111,gCO2eq/kWh,15.47
1634736603,2021-10-20T13:00:00.000Z,ok,NZ-NZN,112,gCO2eq/kWh,15.6
1634738402,2021-10-20T13:00:00.000Z,ok,NZ-NZN,107,gCO2eq/kWh,14.800000000000002
1634740203,2021-10-20T14:00:00.000Z,ok,NZ-NZN,107,gCO2eq/kWh,14.790000000000001
1634742002,2021-10-20T14:00:00.000Z,ok,NZ-NZN,110,gCO2eq/kWh,15.18
1634743802,2021-10-20T15:00:00.000Z,ok,NZ-NZN,110,gCO2eq/kWh,15.18
1634745602,2021-10-20T15:00:00.000Z,ok,NZ-NZN,109,gCO2eq/kWh,14.96
1634747402,2021-10-20T16:00:00.000Z,ok,NZ-NZN,109,gCO2eq/kWh,14.980000000000002
1634749202,2021-10-20T16:00:00.000Z,ok,NZ-NZN,105,gCO2eq/kWh,14.400000000000002
1634751002,2021-10-20T17:00:00.000Z,ok,NZ-NZN,105,gCO2eq/kWh,14.400000000000002
1634752802,2021-10-20T17:00:00.000Z,ok,NZ-NZN,111,gCO2eq/kWh,16.04
1634754602,2021-10-20T18:00:00.000Z,ok,NZ-NZN,111,gCO2eq/kWh,16
1634756402,2021-10-20T18:00:00.000Z,ok,NZ-NZN,102,gCO2eq/kWh,14.59
1634758204,2021-10-20T19:00:00.000Z,ok,NZ-NZN,102,gCO2eq/kWh,14.6
1634760003,2021-10-20T20:00:00.000Z,ok,NZ-NZN,111,gCO2eq/kWh,16.76
1634761802,2021-10-20T20:00:00.000Z,ok,NZ-NZN,111,gCO2eq/kWh,16.76
1634763602,2021-10-20T20:00:00.000Z,ok,NZ-NZN,106,gCO2eq/kWh,15.61
1634765402,2021-10-20T21:00:00.000Z,ok,NZ-NZN,105,gCO2eq/kWh,15.410000000000002
1634767203,2021-10-20T21:00:00.000Z,ok,NZ-NZN,102,gCO2eq/kWh,14.75
1634769004,2021-10-20T22:00:00.000Z,ok,NZ-NZN,101,gCO2eq/kWh,14.69
1634770802,2021-10-20T22:00:00.000Z,ok,NZ-NZN,108,gCO2eq/kWh,15.659999999999998
1634772602,2021-10-20T23:00:00.000Z,ok,NZ-NZN,108,gCO2eq/kWh,15.73
1634774403,2021-10-20T23:00:00.000Z,ok,NZ-NZN,106,gCO2eq/kWh,15.09
1634776202,2021-10-21T00:00:00.000Z,ok,NZ-NZN,106,gCO2eq/kWh,15.190000000000001
1634778002,2021-10-21T00:00:00.000Z,ok,NZ-NZN,105,gCO2eq/kWh,14.800000000000002
1634779802,2021-10-21T01:00:00.000Z,ok,NZ-NZN,105,gCO2eq/kWh,14.81
1634781602,2021-10-21T01:00:00.000Z,ok,NZ-NZN,107,gCO2eq/kWh,15.17
1634783402,2021-10-21T02:00:00.000Z,ok,NZ-NZN,107,gCO2eq/kWh,15.17
1634785202,2021-10-21T02:00:00.000Z,ok,NZ-NZN,108,gCO2eq/kWh,15.25
1634787002,2021-10-21T03:00:00.000Z,ok,NZ-NZN,108,gCO2eq/kWh,15.25
1634788803,2021-10-21T03:00:00.000Z,ok,NZ-NZN,105,gCO2eq/kWh,14.87
1634790603,2021-10-21T04:00:00.000Z,ok,NZ-NZN,105,gCO2eq/kWh,14.859999999999998
1634792402,2021-10-21T04:00:00.000Z,ok,NZ-NZN,106,gCO2eq/kWh,14.96
1634794203,2021-10-21T05:00:00.000Z,ok,NZ-NZN,106,gCO2eq/kWh,15
1634796002,2021-10-21T05:00:00.000Z,ok,NZ-NZN,101,gCO2eq/kWh,14.04
1634797802,2021-10-21T06:00:00.000Z,ok,NZ-NZN,100,gCO2eq/kWh,13.94
1634799602,2021-10-21T06:00:00.000Z,ok,NZ-NZN,105,gCO2eq/kWh,14.96
1634801402,2021-10-21T07:00:00.000Z,ok,NZ-NZN,105,gCO2eq/kWh,14.96
1634803202,2021-10-21T07:00:00.000Z,ok,NZ-NZN,106,gCO2eq/kWh,15.09
1634805002,2021-10-21T08:00:00.000Z,ok,NZ-NZN,106,gCO2eq/kWh,15.109999999999998
1634806805,2021-10-21T08:00:00.000Z,ok,NZ-NZN,106,gCO2eq/kWh,15.160000000000002
1634808602,2021-10-21T09:00:00.000Z,ok,NZ-NZN,106,gCO2eq/kWh,15.18
1634810402,2021-10-21T09:00:00.000Z,ok,NZ-NZN,117,gCO2eq/kWh,17.06
1634812202,2021-10-21T10:00:00.000Z,ok,NZ-NZN,117,gCO2eq/kWh,17.17
1634814003,2021-10-21T10:00:00.000Z,ok,NZ-NZN,122,gCO2eq/kWh,17.95
1634815803,2021-10-21T11:00:00.000Z,ok,NZ-NZN,122,gCO2eq/kWh,17.95
1634817603,2021-10-21T11:00:00.000Z,ok,NZ-NZN,129,gCO2eq/kWh,18.9
1634819402,2021-10-21T12:00:00.000Z,ok,NZ-NZN,129,gCO2eq/kWh,18.9
1634821202,2021-10-21T12:00:00.000Z,ok,NZ-NZN,127,gCO2eq/kWh,18.15
1634823002,2021-10-21T13:00:00.000Z,ok,NZ-NZN,127,gCO2eq/kWh,18.16
1634824802,2021-10-21T13:00:00.000Z,ok,NZ-NZN,125,gCO2eq/kWh,17.51
1634826602,2021-10-21T14:00:00.000Z,ok,NZ-NZN,125,gCO2eq/kWh,17.52
1634828402,2021-10-21T14:00:00.000Z,ok,NZ-NZN,125,gCO2eq/kWh,17.55
1634830202,2021-10-21T15:00:00.000Z,ok,NZ-NZN,125,gCO2eq/kWh,17.55
1634832003,2021-10-21T15:00:00.000Z,ok,NZ-NZN,122,gCO2eq/kWh,16.89
1634833802,2021-10-21T16:00:00.000Z,ok,NZ-NZN,122,gCO2eq/kWh,16.82
1634835602,2021-10-21T16:00:00.000Z,ok,NZ-NZN,120,gCO2eq/kWh,16.59
1634837403,2021-10-21T17:00:00.000Z,ok,NZ-NZN,120,gCO2eq/kWh,16.62
1634839202,2021-10-21T17:00:00.000Z,ok,NZ-NZN,113,gCO2eq/kWh,15.97
1634841002,2021-10-21T18:00:00.000Z,ok,NZ-NZN,112,gCO2eq/kWh,15.879999999999999
1634842803,2021-10-21T18:00:00.000Z,ok,NZ-NZN,108,gCO2eq/kWh,15.590000000000002
1634844603,2021-10-21T19:00:00.000Z,ok,NZ-NZN,108,gCO2eq/kWh,15.58
1634846402,2021-10-21T19:00:00.000Z,ok,NZ-NZN,108,gCO2eq/kWh,15.810000000000002
1634848203,2021-10-21T20:00:00.000Z,ok,NZ-NZN,108,gCO2eq/kWh,15.83
1634850002,2021-10-21T20:00:00.000Z,ok,NZ-NZN,107,gCO2eq/kWh,15.740000000000002
1634851802,2021-10-21T21:00:00.000Z,ok,NZ-NZN,107,gCO2eq/kWh,15.75
1634853602,2021-10-21T21:00:00.000Z,ok,NZ-NZN,105,gCO2eq/kWh,15.380000000000003
1634855402,2021-10-21T22:00:00.000Z,ok,NZ-NZN,105,gCO2eq/kWh,15.329999999999998
1634857203,2021-10-21T22:00:00.000Z,ok,NZ-NZN,108,gCO2eq/kWh,15.85
1634859002,2021-10-21T23:00:00.000Z,ok,NZ-NZN,108,gCO2eq/kWh,15.839999999999998
1634860803,2021-10-21T23:00:00.000Z,ok,NZ-NZN,101,gCO2eq/kWh,14.3
1634862602,2021-10-22T00:00:00.000Z,ok,NZ-NZN,101,gCO2eq/kWh,14.21
1634864402,2021-10-22T00:00:00.000Z,ok,NZ-NZN,100,gCO2eq/kWh,13.88
1634866202,2021-10-22T01:00:00.000Z,ok,NZ-NZN,99,gCO2eq/kWh,13.86
1634868003,2021-10-22T01:00:00.000Z,ok,NZ-NZN,98,gCO2eq/kWh,13.44
1634869802,2021-10-22T02:00:00.000Z,ok,NZ-NZN,98,gCO2eq/kWh,13.44
1634871602,2021-10-22T02:00:00.000Z,ok,NZ-NZN,94,gCO2eq/kWh,12.55
1634873402,2021-10-22T03:00:00.000Z,ok,NZ-NZN,94,gCO2eq/kWh,12.67
1634875202,2021-10-22T03:00:00.000Z,ok,NZ-NZN,98,gCO2eq/kWh,13.449999999999998
1634877002,2021-10-22T04:00:00.000Z,ok,NZ-NZN,98,gCO2eq/kWh,13.530000000000001
1634878803,2021-10-22T04:00:00.000Z,ok,NZ-NZN,102,gCO2eq/kWh,14.39
1634880603,2021-10-22T05:00:00.000Z,ok,NZ-NZN,102,gCO2eq/kWh,14.400000000000002
1634882403,2021-10-22T06:00:00.000Z,ok,NZ-NZN,105,gCO2eq/kWh,15.049999999999999
1634884202,2021-10-22T06:00:00.000Z,ok,NZ-NZN,105,gCO2eq/kWh,15.049999999999999
1634886002,2021-10-22T06:00:00.000Z,ok,NZ-NZN,104,gCO2eq/kWh,14.95
1634887803,2021-10-22T07:00:00.000Z,ok,NZ-NZN,104,gCO2eq/kWh,14.96
1634889602,2021-10-22T07:00:00.000Z,ok,NZ-NZN,102,gCO2eq/kWh,14.529999999999998
1634891403,2021-10-22T08:00:00.000Z,ok,NZ-NZN,102,gCO2eq/kWh,14.510000000000002
1634893202,2021-10-22T08:00:00.000Z,ok,NZ-NZN,105,gCO2eq/kWh,14.89
1634895002,2021-10-22T09:00:00.000Z,ok,NZ-NZN,105,gCO2eq/kWh,14.96
1634896802,2021-10-22T09:00:00.000Z,ok,NZ-NZN,108,gCO2eq/kWh,15.32
1634898603,2021-10-22T10:00:00.000Z,ok,NZ-NZN,108,gCO2eq/kWh,15.410000000000002
1634900403,2021-10-22T10:00:00.000Z,ok,NZ-NZN,114,gCO2eq/kWh,16.1
1634902202,2021-10-22T11:00:00.000Z,ok,NZ-NZN,114,gCO2eq/kWh,16.05
1634904002,2021-10-22T11:00:00.000Z,ok,NZ-NZN,122,gCO2eq/kWh,17.52
1634905803,2021-10-22T12:00:00.000Z,ok,NZ-NZN,123,gCO2eq/kWh,17.67
1634907603,2021-10-22T12:00:00.000Z,ok,NZ-NZN,117,gCO2eq/kWh,16.1
1634909402,2021-10-22T13:00:00.000Z,ok,NZ-NZN,117,gCO2eq/kWh,16.1
1634911202,2021-10-22T13:00:00.000Z,ok,NZ-NZN,121,gCO2eq/kWh,16.88
1634913002,2021-10-22T14:00:00.000Z,ok,NZ-NZN,121,gCO2eq/kWh,16.88
1634914802,2021-10-22T14:00:00.000Z,ok,NZ-NZN,123,gCO2eq/kWh,17.08
1634916602,2021-10-22T15:00:00.000Z,ok,NZ-NZN,123,gCO2eq/kWh,17.08
1634918404,2021-10-22T15:00:00.000Z,ok,NZ-NZN,120,gCO2eq/kWh,16.46
1634920202,2021-10-22T16:00:00.000Z,ok,NZ-NZN,120,gCO2eq/kWh,16.46
1634922003,2021-10-22T16:00:00.000Z,ok,NZ-NZN,117,gCO2eq/kWh,15.89
1634923802,2021-10-22T17:00:00.000Z,ok,NZ-NZN,119,gCO2eq/kWh,16.2
1634925603,2021-10-22T17:00:00.000Z,ok,NZ-NZN,114,gCO2eq/kWh,15.58
1634927403,2021-10-22T18:00:00.000Z,ok,NZ-NZN,114,gCO2eq/kWh,15.590000000000002
1634929203,2021-10-22T18:00:00.000Z,ok,NZ-NZN,110,gCO2eq/kWh,15.14
1634931002,2021-10-22T19:00:00.000Z,ok,NZ-NZN,110,gCO2eq/kWh,15.14
1634932803,2021-10-22T19:00:00.000Z,ok,NZ-NZN,105,gCO2eq/kWh,14.29
1634934603,2021-10-22T20:00:00.000Z,ok,NZ-NZN,105,gCO2eq/kWh,14.279999999999998
1634936402,2021-10-22T20:00:00.000Z,ok,NZ-NZN,109,gCO2eq/kWh,15.42
1634938202,2021-10-22T21:00:00.000Z,ok,NZ-NZN,109,gCO2eq/kWh,15.42
1634940002,2021-10-22T21:00:00.000Z,ok,NZ-NZN,102,gCO2eq/kWh,14.02
1634941802,2021-10-22T22:00:00.000Z,ok,NZ-NZN,103,gCO2eq/kWh,14.26
1634943602,2021-10-22T22:00:00.000Z,ok,NZ-NZN,112,gCO2eq/kWh,16.21
1634945403,2021-10-22T23:00:00.000Z,ok,NZ-NZN,112,gCO2eq/kWh,16.21
1634947202,2021-10-22T23:00:00.000Z,ok,NZ-NZN,108,gCO2eq/kWh,15.109999999999998
1634949002,2021-10-23T00:00:00.000Z,ok,NZ-NZN,109,gCO2eq/kWh,15.39
1634950802,2021-10-23T00:00:00.000Z,ok,NZ-NZN,107,gCO2eq/kWh,14.87
1634952602,2021-10-23T01:00:00.000Z,ok,NZ-NZN,107,gCO2eq/kWh,14.87
1634954402,2021-10-23T01:00:00.000Z,ok,NZ-NZN,100,gCO2eq/kWh,13.22
1634956202,2021-10-23T02:00:00.000Z,ok,NZ-NZN,100,gCO2eq/kWh,13.22
1634958002,2021-10-23T02:00:00.000Z,ok,NZ-NZN,103,gCO2eq/kWh,14.069999999999999
1634959802,2021-10-23T03:00:00.000Z,ok,NZ-NZN,103,gCO2eq/kWh,14.069999999999999
1634961603,2021-10-23T03:00:00.000Z,ok,NZ-NZN,106,gCO2eq/kWh,14.7
1634963402,2021-10-23T04:00:00.000Z,ok,NZ-NZN,106,gCO2eq/kWh,14.7
1634965203,2021-10-23T04:00:00.000Z,ok,NZ-NZN,109,gCO2eq/kWh,15.53
1634967002,2021-10-23T05:00:00.000Z,ok,NZ-NZN,109,gCO2eq/kWh,15.53
1634968802,2021-10-23T05:00:00.000Z,ok,NZ-NZN,103,gCO2eq/kWh,14.24
1634970602,2021-10-23T06:00:00.000Z,ok,NZ-NZN,104,gCO2eq/kWh,14.52
1634972402,2021-10-23T06:00:00.000Z,ok,NZ-NZN,102,gCO2eq/kWh,14.2
1634974203,2021-10-23T07:00:00.000Z,ok,NZ-NZN,102,gCO2eq/kWh,14.2
1634976003,2021-10-23T07:00:00.000Z,ok,NZ-NZN,103,gCO2eq/kWh,14.27
1634977802,2021-10-23T08:00:00.000Z,ok,NZ-NZN,103,gCO2eq/kWh,14.27
1634979602,2021-10-23T08:00:00.000Z,ok,NZ-NZN,107,gCO2eq/kWh,14.96
1634981402,2021-10-23T09:00:00.000Z,ok,NZ-NZN,107,gCO2eq/kWh,15.02
1634983202,2021-10-23T09:00:00.000Z,ok,NZ-NZN,111,gCO2eq/kWh,15.770000000000001
1634985002,2021-10-23T10:00:00.000Z,ok,NZ-NZN,113,gCO2eq/kWh,16.1
1634986802,2021-10-23T10:00:00.000Z,ok,NZ-NZN,118,gCO2eq/kWh,16.71
1634988602,2021-10-23T11:00:00.000Z,ok,NZ-NZN,118,gCO2eq/kWh,16.71
1634990402,2021-10-23T11:00:00.000Z,ok,NZ-NZN,116,gCO2eq/kWh,15.939999999999998
1634992203,2021-10-23T12:00:00.000Z,ok,NZ-NZN,126,gCO2eq/kWh,17.74
1634994002,2021-10-23T12:00:00.000Z,ok,NZ-NZN,116,gCO2eq/kWh,15.72
1634995807,2021-10-23T13:00:00.000Z,ok,NZ-NZN,116,gCO2eq/kWh,15.72
1634997602,2021-10-23T13:00:00.000Z,ok,NZ-NZN,123,gCO2eq/kWh,17.07
1634999402,2021-10-23T14:00:00.000Z,ok,NZ-NZN,123,gCO2eq/kWh,17.07
1635001202,2021-10-23T14:00:00.000Z,ok,NZ-NZN,125,gCO2eq/kWh,17.25
1635003002,2021-10-23T15:00:00.000Z,ok,NZ-NZN,125,gCO2eq/kWh,17.26
1635004802,2021-10-23T15:00:00.000Z,ok,NZ-NZN,125,gCO2eq/kWh,17.45
1635006603,2021-10-23T16:00:00.000Z,ok,NZ-NZN,125,gCO2eq/kWh,17.45
1635008403,2021-10-23T16:00:00.000Z,ok,NZ-NZN,124,gCO2eq/kWh,17.14
1635010202,2021-10-23T17:00:00.000Z,ok,NZ-NZN,124,gCO2eq/kWh,17.11
1635012003,2021-10-23T17:00:00.000Z,ok,NZ-NZN,121,gCO2eq/kWh,16.58
1635013802,2021-10-23T18:00:00.000Z,ok,NZ-NZN,121,gCO2eq/kWh,16.58
1635015602,2021-10-23T18:00:00.000Z,ok,NZ-NZN,116,gCO2eq/kWh,16.1
1635017403,2021-10-23T19:00:00.000Z,ok,NZ-NZN,116,gCO2eq/kWh,16.1
1635019202,2021-10-23T19:00:00.000Z,ok,NZ-NZN,118,gCO2eq/kWh,17.09
1635021003,2021-10-23T20:00:00.000Z,ok,NZ-NZN,118,gCO2eq/kWh,17.09
1635022802,2021-10-23T20:00:00.000Z,ok,NZ-NZN,105,gCO2eq/kWh,14.35
1635024602,2021-10-23T21:00:00.000Z,ok,NZ-NZN,105,gCO2eq/kWh,14.37
1635026402,2021-10-23T21:00:00.000Z,ok,NZ-NZN,103,gCO2eq/kWh,14.06
1635028202,2021-10-23T22:00:00.000Z,ok,NZ-NZN,105,gCO2eq/kWh,14.400000000000002
1635030003,2021-10-23T22:00:00.000Z,ok,NZ-NZN,99,gCO2eq/kWh,13.4
1635031802,2021-10-23T23:00:00.000Z,ok,NZ-NZN,99,gCO2eq/kWh,13.4
1635033603,2021-10-23T23:00:00.000Z,ok,NZ-NZN,102,gCO2eq/kWh,13.88
1635035403,2021-10-24T00:00:00.000Z,ok,NZ-NZN,102,gCO2eq/kWh,13.91
1635037203,2021-10-24T00:00:00.000Z,ok,NZ-NZN,101,gCO2eq/kWh,13.79
1635039002,2021-10-24T01:00:00.000Z,ok,NZ-NZN,103,gCO2eq/kWh,14.13
1635040802,2021-10-24T01:00:00.000Z,ok,NZ-NZN,103,gCO2eq/kWh,14.02
1635042603,2021-10-24T02:00:00.000Z,ok,NZ-NZN,103,gCO2eq/kWh,14.02
1635044403,2021-10-24T03:00:00.000Z,ok,NZ-NZN,101,gCO2eq/kWh,13.669999999999998
1635046202,2021-10-24T03:00:00.000Z,ok,NZ-NZN,101,gCO2eq/kWh,13.669999999999998
1635048003,2021-10-24T03:00:00.000Z,ok,NZ-NZN,100,gCO2eq/kWh,13.449999999999998
1635049803,2021-10-24T04:00:00.000Z,ok,NZ-NZN,100,gCO2eq/kWh,13.48
1635051602,2021-10-24T04:00:00.000Z,ok,NZ-NZN,99,gCO2eq/kWh,13.3
1635053403,2021-10-24T05:00:00.000Z,ok,NZ-NZN,99,gCO2eq/kWh,13.3
1635055203,2021-10-24T05:00:00.000Z,ok,NZ-NZN,96,gCO2eq/kWh,12.86
1635057002,2021-10-24T06:00:00.000Z,ok,NZ-NZN,96,gCO2eq/kWh,12.86
1635058802,2021-10-24T06:00:00.000Z,ok,NZ-NZN,105,gCO2eq/kWh,14.75
1635060603,2021-10-24T07:00:00.000Z,ok,NZ-NZN,107,gCO2eq/kWh,15.109999999999998
1635062403,2021-10-24T08:00:00.000Z,ok,NZ-NZN,108,gCO2eq/kWh,15.1
1635064202,2021-10-24T08:00:00.000Z,ok,NZ-NZN,108,gCO2eq/kWh,15.1
1635066002,2021-10-24T08:00:00.000Z,ok,NZ-NZN,111,gCO2eq/kWh,15.79
1635067803,2021-10-24T09:00:00.000Z,ok,NZ-NZN,111,gCO2eq/kWh,15.79
1635069602,2021-10-24T09:00:00.000Z,ok,NZ-NZN,109,gCO2eq/kWh,15.17
1635071410,2021-10-24T10:00:00.000Z,ok,NZ-NZN,109,gCO2eq/kWh,15.14
1635073202,2021-10-24T10:00:00.000Z,ok,NZ-NZN,116,gCO2eq/kWh,16.31
1635075002,2021-10-24T11:00:00.000Z,ok,NZ-NZN,116,gCO2eq/kWh,16.31
1635076802,2021-10-24T11:00:00.000Z,ok,NZ-NZN,116,gCO2eq/kWh,16.01
1635078602,2021-10-24T12:00:00.000Z,ok,NZ-NZN,120,gCO2eq/kWh,16.68
1635080408,2021-10-24T12:00:00.000Z,ok,NZ-NZN,122,gCO2eq/kWh,16.96
1635082203,2021-10-24T13:00:00.000Z,ok,NZ-NZN,123,gCO2eq/kWh,17.21
1635084002,2021-10-24T13:00:00.000Z,ok,NZ-NZN,124,gCO2eq/kWh,17.35
1635085803,2021-10-24T14:00:00.000Z,ok,NZ-NZN,124,gCO2eq/kWh,17.35
1635087602,2021-10-24T14:00:00.000Z,ok,NZ-NZN,126,gCO2eq/kWh,17.78
1635089402,2021-10-24T15:00:00.000Z,ok,NZ-NZN,126,gCO2eq/kWh,17.78
1635091202,2021-10-24T15:00:00.000Z,ok,NZ-NZN,130,gCO2eq/kWh,18.41
1635093002,2021-10-24T16:00:00.000Z,ok,NZ-NZN,131,gCO2eq/kWh,18.6
1635094803,2021-10-24T16:00:00.000Z,ok,NZ-NZN,126,gCO2eq/kWh,17.61
1635096602,2021-10-24T17:00:00.000Z,ok,NZ-NZN,126,gCO2eq/kWh,17.61
1635098402,2021-10-24T17:00:00.000Z,ok,NZ-NZN,119,gCO2eq/kWh,16.44
1635100202,2021-10-24T18:00:00.000Z,ok,NZ-NZN,119,gCO2eq/kWh,16.44
1635102002,2021-10-24T18:00:00.000Z,ok,NZ-NZN,112,gCO2eq/kWh,15.24
1635103803,2021-10-24T19:00:00.000Z,ok,NZ-NZN,114,gCO2eq/kWh,15.53
1635105602,2021-10-24T19:00:00.000Z,ok,NZ-NZN,107,gCO2eq/kWh,14.63
1635107402,2021-10-24T20:00:00.000Z,ok,NZ-NZN,107,gCO2eq/kWh,14.63
1635109203,2021-10-24T20:00:00.000Z,ok,NZ-NZN,113,gCO2eq/kWh,16.05
1635111002,2021-10-24T21:00:00.000Z,ok,NZ-NZN,113,gCO2eq/kWh,16.05
1635112802,2021-10-24T21:00:00.000Z,ok,NZ-NZN,111,gCO2eq/kWh,15.89
1635114603,2021-10-24T22:00:00.000Z,ok,NZ-NZN,113,gCO2eq/kWh,16.19
1635116402,2021-10-24T22:00:00.000Z,ok,NZ-NZN,108,gCO2eq/kWh,15.39
1635118202,2021-10-24T23:00:00.000Z,ok,NZ-NZN,108,gCO2eq/kWh,15.39
1635120002,2021-10-24T23:00:00.000Z,ok,NZ-NZN,106,gCO2eq/kWh,14.82
1635121807,2021-10-25T00:00:00.000Z,ok,NZ-NZN,106,gCO2eq/kWh,14.82
1635123602,2021-10-25T00:00:00.000Z,ok,NZ-NZN,104,gCO2eq/kWh,14.38
1635125403,2021-10-25T01:00:00.000Z,ok,NZ-NZN,104,gCO2eq/kWh,14.38
1635127202,2021-10-25T01:00:00.000Z,ok,NZ-NZN,105,gCO2eq/kWh,14.279999999999998
1635129002,2021-10-25T02:00:00.000Z,ok,NZ-NZN,105,gCO2eq/kWh,14.279999999999998
1635130803,2021-10-25T02:00:00.000Z,ok,NZ-NZN,104,gCO2eq/kWh,14.150000000000002
1635132602,2021-10-25T03:00:00.000Z,ok,NZ-NZN,104,gCO2eq/kWh,14.150000000000002
1635134402,2021-10-25T03:00:00.000Z,ok,NZ-NZN,105,gCO2eq/kWh,14.56
1635136202,2021-10-25T04:00:00.000Z,ok,NZ-NZN,106,gCO2eq/kWh,14.78
1635138002,2021-10-25T04:00:00.000Z,ok,NZ-NZN,107,gCO2eq/kWh,14.97
1635139802,2021-10-25T05:00:00.000Z,ok,NZ-NZN,107,gCO2eq/kWh,14.97
1635141602,2021-10-25T05:00:00.000Z,ok,NZ-NZN,106,gCO2eq/kWh,14.829999999999998
1635143402,2021-10-25T06:00:00.000Z,ok,NZ-NZN,106,gCO2eq/kWh,14.829999999999998
1635145202,2021-10-25T06:00:00.000Z,ok,NZ-NZN,104,gCO2eq/kWh,14.57
1635147003,2021-10-25T07:00:00.000Z,ok,NZ-NZN,104,gCO2eq/kWh,14.57
1635148802,2021-10-25T07:00:00.000Z,ok,NZ-NZN,108,gCO2eq/kWh,15.22
1635150602,2021-10-25T08:00:00.000Z,ok,NZ-NZN,108,gCO2eq/kWh,15.22
1635152403,2021-10-25T08:00:00.000Z,ok,NZ-NZN,109,gCO2eq/kWh,15.36
1635154202,2021-10-25T09:00:00.000Z,ok,NZ-NZN,109,gCO2eq/kWh,15.25
1635156002,2021-10-25T09:00:00.000Z,ok,NZ-NZN,111,gCO2eq/kWh,15.42
1635157802,2021-10-25T10:00:00.000Z,ok,NZ-NZN,111,gCO2eq/kWh,15.42
1635159603,2021-10-25T10:00:00.000Z,ok,NZ-NZN,118,gCO2eq/kWh,16.49
1635161403,2021-10-25T11:00:00.000Z,ok,NZ-NZN,118,gCO2eq/kWh,16.63
1635163202,2021-10-25T12:00:00.000Z,ok,NZ-NZN,126,gCO2eq/kWh,17.67
1635165003,2021-10-25T12:00:00.000Z,ok,NZ-NZN,126,gCO2eq/kWh,17.67
1635166803,2021-10-25T12:00:00.000Z,ok,NZ-NZN,122,gCO2eq/kWh,17.02
1635168602,2021-10-25T13:00:00.000Z,ok,NZ-NZN,122,gCO2eq/kWh,17.02
1635170402,2021-10-25T14:00:00.000Z,ok,NZ-NZN,125,gCO2eq/kWh,17.54
1635172202,2021-10-25T14:00:00.000Z,ok,NZ-NZN,125,gCO2eq/kWh,17.54
1635174002,2021-10-25T14:00:00.000Z,ok,NZ-NZN,128,gCO2eq/kWh,18.05
1635175803,2021-10-25T15:00:00.000Z,ok,NZ-NZN,128,gCO2eq/kWh,18.05
1635177603,2021-10-25T15:00:00.000Z,ok,NZ-NZN,129,gCO2eq/kWh,18.14
1635179402,2021-10-25T16:00:00.000Z,ok,NZ-NZN,129,gCO2eq/kWh,18.14
1635181202,2021-10-25T16:00:00.000Z,ok,NZ-NZN,124,gCO2eq/kWh,17.23
1635183002,2021-10-25T17:00:00.000Z,ok,NZ-NZN,124,gCO2eq/kWh,17.23
1635184803,2021-10-25T17:00:00.000Z,ok,NZ-NZN,122,gCO2eq/kWh,17.32
1635186602,2021-10-25T18:00:00.000Z,ok,NZ-NZN,122,gCO2eq/kWh,17.32
1635188403,2021-10-25T18:00:00.000Z,ok,NZ-NZN,117,gCO2eq/kWh,16.94
1635190202,2021-10-25T19:00:00.000Z,ok,NZ-NZN,119,gCO2eq/kWh,17.35
1635192002,2021-10-25T19:00:00.000Z,ok,NZ-NZN,110,gCO2eq/kWh,15.97
1635193802,2021-10-25T20:00:00.000Z,ok,NZ-NZN,111,gCO2eq/kWh,15.97
1635195602,2021-10-25T20:00:00.000Z,ok,NZ-NZN,110,gCO2eq/kWh,15.93
1635197402,2021-10-25T21:00:00.000Z,ok,NZ-NZN,110,gCO2eq/kWh,15.950000000000001
1635199203,2021-10-25T21:00:00.000Z,ok,NZ-NZN,112,gCO2eq/kWh,16.3
1635201002,2021-10-25T22:00:00.000Z,ok,NZ-NZN,112,gCO2eq/kWh,16.3
1635202802,2021-10-25T22:00:00.000Z,ok,NZ-NZN,102,gCO2eq/kWh,14.099999999999998
1635204602,2021-10-25T23:00:00.000Z,ok,NZ-NZN,102,gCO2eq/kWh,14.099999999999998
1635206403,2021-10-25T23:00:00.000Z,ok,NZ-NZN,106,gCO2eq/kWh,14.96
1635208203,2021-10-26T00:00:00.000Z,ok,NZ-NZN,106,gCO2eq/kWh,14.99
1635210003,2021-10-26T00:00:00.000Z,ok,NZ-NZN,104,gCO2eq/kWh,14.44
1635211802,2021-10-26T01:00:00.000Z,ok,NZ-NZN,104,gCO2eq/kWh,14.44
1635213602,2021-10-26T01:00:00.000Z,ok,NZ-NZN,99,gCO2eq/kWh,13.62
1635215402,2021-10-26T02:00:00.000Z,ok,NZ-NZN,99,gCO2eq/kWh,13.62
1635217202,2021-10-26T02:00:00.000Z,ok,NZ-NZN,96,gCO2eq/kWh,13.03
1635219003,2021-10-26T03:00:00.000Z,ok,NZ-NZN,96,gCO2eq/kWh,13.03
1635220803,2021-10-26T03:00:00.000Z,ok,NZ-NZN,105,gCO2eq/kWh,14.829999999999998
1635222602,2021-10-26T04:00:00.000Z,ok,NZ-NZN,105,gCO2eq/kWh,14.829999999999998
1635224402,2021-10-26T04:00:00.000Z,ok,NZ-NZN,109,gCO2eq/kWh,15.590000000000002
1635226202,2021-10-26T05:00:00.000Z,ok,NZ-NZN,116,gCO2eq/kWh,16.95
1635228002,2021-10-26T05:00:00.000Z,ok,NZ-NZN,123,gCO2eq/kWh,18.62
1635229803,2021-10-26T06:00:00.000Z,ok,NZ-NZN,123,gCO2eq/kWh,18.62
1635231603,2021-10-26T06:00:00.000Z,ok,NZ-NZN,121,gCO2eq/kWh,18.18
1635233403,2021-10-26T07:00:00.000Z,ok,NZ-NZN,121,gCO2eq/kWh,18.19
1635235203,2021-10-26T07:00:00.000Z,ok,NZ-NZN,114,gCO2eq/kWh,16.39
1635237003,2021-10-26T08:00:00.000Z,ok,NZ-NZN,114,gCO2eq/kWh,16.39
1635238803,2021-10-26T08:00:00.000Z,ok,NZ-NZN,110,gCO2eq/kWh,15.560000000000002
1635240602,2021-10-26T09:00:00.000Z,ok,NZ-NZN,110,gCO2eq/kWh,15.560000000000002
1635242402,2021-10-26T09:00:00.000Z,ok,NZ-NZN,113,gCO2eq/kWh,16.1
1635244202,2021-10-26T10:00:00.000Z,ok,NZ-NZN,113,gCO2eq/kWh,16.1
1635246002,2021-10-26T10:00:00.000Z,ok,NZ-NZN,118,gCO2eq/kWh,16.6
1635247802,2021-10-26T11:00:00.000Z,ok,NZ-NZN,118,gCO2eq/kWh,16.6
1635249602,2021-10-26T11:00:00.000Z,ok,NZ-NZN,122,gCO2eq/kWh,17.12
1635251402,2021-10-26T12:00:00.000Z,ok,NZ-NZN,122,gCO2eq/kWh,17.12
1635253202,2021-10-26T12:00:00.000Z,ok,NZ-NZN,119,gCO2eq/kWh,16.32
1635255002,2021-10-26T13:00:00.000Z,ok,NZ-NZN,119,gCO2eq/kWh,16.32
1635256802,2021-10-26T13:00:00.000Z,ok,NZ-NZN,125,gCO2eq/kWh,17.43
1635258602,2021-10-26T14:00:00.000Z,ok,NZ-NZN,125,gCO2eq/kWh,17.43
1635260402,2021-10-26T14:00:00.000Z,ok,NZ-NZN,128,gCO2eq/kWh,17.9
1635262202,2021-10-26T15:00:00.000Z,ok,NZ-NZN,128,gCO2eq/kWh,17.9
1635264003,2021-10-26T15:00:00.000Z,ok,NZ-NZN,125,gCO2eq/kWh,17.34
1635265802,2021-10-26T16:00:00.000Z,ok,NZ-NZN,125,gCO2eq/kWh,17.34
1635267602,2021-10-26T16:00:00.000Z,ok,NZ-NZN,120,gCO2eq/kWh,16.64
1635269403,2021-10-26T17:00:00.000Z,ok,NZ-NZN,120,gCO2eq/kWh,16.64
1635271203,2021-10-26T17:00:00.000Z,ok,NZ-NZN,118,gCO2eq/kWh,16.69
1635273002,2021-10-26T18:00:00.000Z,ok,NZ-NZN,118,gCO2eq/kWh,16.69
1635274802,2021-10-26T18:00:00.000Z,ok,NZ-NZN,116,gCO2eq/kWh,16.82
1635276602,2021-10-26T19:00:00.000Z,ok,NZ-NZN,116,gCO2eq/kWh,16.82
1635278404,2021-10-26T19:00:00.000Z,ok,NZ-NZN,106,gCO2eq/kWh,15.27
1635280204,2021-10-26T20:00:00.000Z,ok,NZ-NZN,106,gCO2eq/kWh,15.27
1635282003,2021-10-26T20:00:00.000Z,ok,NZ-NZN,107,gCO2eq/kWh,15.27
1635283803,2021-10-26T21:00:00.000Z,ok,NZ-NZN,107,gCO2eq/kWh,15.27
1635285602,2021-10-26T21:00:00.000Z,ok,NZ-NZN,103,gCO2eq/kWh,14.63
1635287403,2021-10-26T22:00:00.000Z,ok,NZ-NZN,103,gCO2eq/kWh,14.679999999999998
1635289202,2021-10-26T22:00:00.000Z,ok,NZ-NZN,100,gCO2eq/kWh,14.000000000000002
1635291002,2021-10-26T23:00:00.000Z,ok,NZ-NZN,100,gCO2eq/kWh,14.000000000000002
1635292802,2021-10-26T23:00:00.000Z,ok,NZ-NZN,102,gCO2eq/kWh,14.37
1635294603,2021-10-27T00:00:00.000Z,ok,NZ-NZN,103,gCO2eq/kWh,14.59
1635296402,2021-10-27T00:00:00.000Z,ok,NZ-NZN,102,gCO2eq/kWh,14.29
1635298202,2021-10-27T01:00:00.000Z,ok,NZ-NZN,102,gCO2eq/kWh,14.29
1635300003,2021-10-27T01:00:00.000Z,ok,NZ-NZN,103,gCO2eq/kWh,14.610000000000001
1635301802,2021-10-27T02:00:00.000Z,ok,NZ-NZN,103,gCO2eq/kWh,14.610000000000001
1635303602,2021-10-27T02:00:00.000Z,ok,NZ-NZN,104,gCO2eq/kWh,14.649999999999999
1635305402,2021-10-27T03:00:00.000Z,ok,NZ-NZN,104,gCO2eq/kWh,14.649999999999999
1635307203,2021-10-27T03:00:00.000Z,ok,NZ-NZN,109,gCO2eq/kWh,15.909999999999998
1635309002,2021-10-27T04:00:00.000Z,ok,NZ-NZN,109,gCO2eq/kWh,15.939999999999998
1635310802,2021-10-27T04:00:00.000Z,ok,NZ-NZN,114,gCO2eq/kWh,16.93
1635312603,2021-10-27T05:00:00.000Z,ok,NZ-NZN,117,gCO2eq/kWh,17.68
1635314402,2021-10-27T05:00:00.000Z,ok,NZ-NZN,116,gCO2eq/kWh,17.35
1635316202,2021-10-27T06:00:00.000Z,ok,NZ-NZN,116,gCO2eq/kWh,17.35
1635318003,2021-10-27T06:00:00.000Z,ok,NZ-NZN,123,gCO2eq/kWh,18.72
1635319802,2021-10-27T07:00:00.000Z,ok,NZ-NZN,123,gCO2eq/kWh,18.72
1635321602,2021-10-27T07:00:00.000Z,ok,NZ-NZN,115,gCO2eq/kWh,17.24
1635323402,2021-10-27T08:00:00.000Z,ok,NZ-NZN,116,gCO2eq/kWh,17.43
1635325202,2021-10-27T08:00:00.000Z,ok,NZ-NZN,110,gCO2eq/kWh,16.15
1635327002,2021-10-27T09:00:00.000Z,ok,NZ-NZN,110,gCO2eq/kWh,16.15
1635328802,2021-10-27T09:00:00.000Z,ok,NZ-NZN,107,gCO2eq/kWh,15.160000000000002
1635330602,2021-10-27T10:00:00.000Z,ok,NZ-NZN,108,gCO2eq/kWh,15.310000000000002
1635332402,2021-10-27T10:00:00.000Z,ok,NZ-NZN,114,gCO2eq/kWh,16.43
1635334202,2021-10-27T11:00:00.000Z,ok,NZ-NZN,114,gCO2eq/kWh,16.43
1635336002,2021-10-27T11:00:00.000Z,ok,NZ-NZN,104,gCO2eq/kWh,14.09
1635337802,2021-10-27T12:00:00.000Z,ok,NZ-NZN,108,gCO2eq/kWh,14.829999999999998
1635339603,2021-10-27T12:00:00.000Z,ok,NZ-NZN,114,gCO2eq/kWh,15.71
1635341402,2021-10-27T13:00:00.000Z,ok,NZ-NZN,114,gCO2eq/kWh,15.71
1635343204,2021-10-27T13:00:00.000Z,ok,NZ-NZN,118,gCO2eq/kWh,16.5
1635345002,2021-10-27T14:00:00.000Z,ok,NZ-NZN,118,gCO2eq/kWh,16.49
1635346802,2021-10-27T14:00:00.000Z,ok,NZ-NZN,120,gCO2eq/kWh,16.77
1635348602,2021-10-27T15:00:00.000Z,ok,NZ-NZN,121,gCO2eq/kWh,16.93
1635350402,2021-10-27T15:00:00.000Z,ok,NZ-NZN,120,gCO2eq/kWh,16.87
1635352202,2021-10-27T16:00:00.000Z,ok,NZ-NZN,120,gCO2eq/kWh,16.86
1635354002,2021-10-27T16:00:00.000Z,ok,NZ-NZN,116,gCO2eq/kWh,16.12
1635355802,2021-10-27T17:00:00.000Z,ok,NZ-NZN,116,gCO2eq/kWh,16.07
1635357603,2021-10-27T17:00:00.000Z,ok,NZ-NZN,116,gCO2eq/kWh,16.64
1635359402,2021-10-27T18:00:00.000Z,ok,NZ-NZN,116,gCO2eq/kWh,16.64
1635361202,2021-10-27T18:00:00.000Z,ok,NZ-NZN,109,gCO2eq/kWh,15.58
1635363002,2021-10-27T19:00:00.000Z,ok,NZ-NZN,110,gCO2eq/kWh,15.8
1635364802,2021-10-27T20:00:00.000Z,ok,NZ-NZN,110,gCO2eq/kWh,15.97
1635366604,2021-10-27T20:00:00.000Z,ok,NZ-NZN,110,gCO2eq/kWh,15.97
1635368402,2021-10-27T20:00:00.000Z,ok,NZ-NZN,113,gCO2eq/kWh,16.67
1635370203,2021-10-27T21:00:00.000Z,ok,NZ-NZN,113,gCO2eq/kWh,16.67
1635372002,2021-10-27T21:00:00.000Z,ok,NZ-NZN,115,gCO2eq/kWh,16.99
1635373803,2021-10-27T22:00:00.000Z,ok,NZ-NZN,115,gCO2eq/kWh,16.99
1635375602,2021-10-27T22:00:00.000Z,ok,NZ-NZN,122,gCO2eq/kWh,18.71
1635377402,2021-10-27T23:00:00.000Z,ok,NZ-NZN,125,gCO2eq/kWh,19.18
1635379202,2021-10-27T23:00:00.000Z,ok,NZ-NZN,112,gCO2eq/kWh,16.34
1635381002,2021-10-28T00:00:00.000Z,ok,NZ-NZN,112,gCO2eq/kWh,16.34
1635382803,2021-10-28T00:00:00.000Z,ok,NZ-NZN,113,gCO2eq/kWh,16.7
1635384602,2021-10-28T01:00:00.000Z,ok,NZ-NZN,116,gCO2eq/kWh,17.14
1635386402,2021-10-28T01:00:00.000Z,ok,NZ-NZN,110,gCO2eq/kWh,15.879999999999999
1635388202,2021-10-28T02:00:00.000Z,ok,NZ-NZN,110,gCO2eq/kWh,15.879999999999999
1635390003,2021-10-28T02:00:00.000Z,ok,NZ-NZN,111,gCO2eq/kWh,16.02
1635391802,2021-10-28T03:00:00.000Z,ok,NZ-NZN,111,gCO2eq/kWh,16.02
1635393602,2021-10-28T03:00:00.000Z,ok,NZ-NZN,121,gCO2eq/kWh,18.41
1635395402,2021-10-28T04:00:00.000Z,ok,NZ-NZN,121,gCO2eq/kWh,18.41
1635397203,2021-10-28T05:00:00.000Z,ok,NZ-NZN,119,gCO2eq/kWh,18.05
1635399003,2021-10-28T05:00:00.000Z,ok,NZ-NZN,119,gCO2eq/kWh,18.05
1635400802,2021-10-28T05:00:00.000Z,ok,NZ-NZN,121,gCO2eq/kWh,18.4
1635402602,2021-10-28T06:00:00.000Z,ok,NZ-NZN,122,gCO2eq/kWh,18.59
1635404403,2021-10-28T06:00:00.000Z,ok,NZ-NZN,118,gCO2eq/kWh,17.6
1635406202,2021-10-28T07:00:00.000Z,ok,NZ-NZN,118,gCO2eq/kWh,17.61
1635408002,2021-10-28T07:00:00.000Z,ok,NZ-NZN,114,gCO2eq/kWh,16.65
1635409802,2021-10-28T08:00:00.000Z,ok,NZ-NZN,114,gCO2eq/kWh,16.65
1635411602,2021-10-28T08:00:00.000Z,ok,NZ-NZN,112,gCO2eq/kWh,16.27
1635413402,2021-10-28T09:00:00.000Z,ok,NZ-NZN,112,gCO2eq/kWh,16.27
1635415202,2021-10-28T09:00:00.000Z,ok,NZ-NZN,114,gCO2eq/kWh,16.53
1635417002,2021-10-28T10:00:00.000Z,ok,NZ-NZN,114,gCO2eq/kWh,16.59
1635418802,2021-10-28T10:00:00.000Z,ok,NZ-NZN,123,gCO2eq/kWh,18.22
1635420602,2021-10-28T11:00:00.000Z,ok,NZ-NZN,123,gCO2eq/kWh,18.21
1635422402,2021-10-28T11:00:00.000Z,ok,NZ-NZN,128,gCO2eq/kWh,19.06
1635424202,2021-10-28T12:00:00.000Z,ok,NZ-NZN,134,gCO2eq/kWh,20.14
1635426002,2021-10-28T12:00:00.000Z,ok,NZ-NZN,119,gCO2eq/kWh,16.8
1635427802,2021-10-28T13:00:00.000Z,ok,NZ-NZN,119,gCO2eq/kWh,16.8
1635429602,2021-10-28T13:00:00.000Z,ok,NZ-NZN,117,gCO2eq/kWh,16.13
1635431402,2021-10-28T14:00:00.000Z,ok,NZ-NZN,119,gCO2eq/kWh,16.55
1635433202,2021-10-28T14:00:00.000Z,ok,NZ-NZN,119,gCO2eq/kWh,16.46
1635435003,2021-10-28T15:00:00.000Z,ok,NZ-NZN,119,gCO2eq/kWh,16.46
1635436802,2021-10-28T15:00:00.000Z,ok,NZ-NZN,114,gCO2eq/kWh,15.79
1635438602,2021-10-28T16:00:00.000Z,ok,NZ-NZN,113,gCO2eq/kWh,15.67
1635440402,2021-10-28T16:00:00.000Z,ok,NZ-NZN,117,gCO2eq/kWh,16.53
1635442203,2021-10-28T17:00:00.000Z,ok,NZ-NZN,117,gCO2eq/kWh,16.53
1635444002,2021-10-28T17:00:00.000Z,ok,NZ-NZN,115,gCO2eq/kWh,16.42
1635445802,2021-10-28T18:00:00.000Z,ok,NZ-NZN,115,gCO2eq/kWh,16.42
1635447603,2021-10-28T18:00:00.000Z,ok,NZ-NZN,108,gCO2eq/kWh,15.46
1635449402,2021-10-28T19:00:00.000Z,ok,NZ-NZN,108,gCO2eq/kWh,15.46
1635451203,2021-10-28T19:00:00.000Z,ok,NZ-NZN,159,gCO2eq/kWh,27.9
1635453002,2021-10-28T20:00:00.000Z,ok,NZ-NZN,165,gCO2eq/kWh,29.020000000000003
1635454802,2021-10-28T20:00:00.000Z,ok,NZ-NZN,116,gCO2eq/kWh,17.63
1635456602,2021-10-28T21:00:00.000Z,ok,NZ-NZN,116,gCO2eq/kWh,17.63
1635458403,2021-10-28T21:00:00.000Z,ok,NZ-NZN,116,gCO2eq/kWh,17.38
1635460202,2021-10-28T22:00:00.000Z,ok,NZ-NZN,116,gCO2eq/kWh,17.38
1635462003,2021-10-28T22:00:00.000Z,ok,NZ-NZN,113,gCO2eq/kWh,16.72
1635463802,2021-10-28T23:00:00.000Z,ok,NZ-NZN,113,gCO2eq/kWh,16.72
1635465603,2021-10-28T23:00:00.000Z,ok,NZ-NZN,116,gCO2eq/kWh,17.28
1635467402,2021-10-29T00:00:00.000Z,ok,NZ-NZN,116,gCO2eq/kWh,17.28
1635469202,2021-10-29T00:00:00.000Z,ok,NZ-NZN,109,gCO2eq/kWh,15.86
1635471002,2021-10-29T01:00:00.000Z,ok,NZ-NZN,109,gCO2eq/kWh,15.86
1635472802,2021-10-29T01:00:00.000Z,ok,NZ-NZN,104,gCO2eq/kWh,14.75
1635474602,2021-10-29T02:00:00.000Z,ok,NZ-NZN,104,gCO2eq/kWh,14.75
1635476402,2021-10-29T02:00:00.000Z,ok,NZ-NZN,107,gCO2eq/kWh,15.380000000000003
1635478203,2021-10-29T03:00:00.000Z,ok,NZ-NZN,107,gCO2eq/kWh,15.380000000000003
1635480003,2021-10-29T03:00:00.000Z,ok,NZ-NZN,107,gCO2eq/kWh,15.36
1635481802,2021-10-29T04:00:00.000Z,ok,NZ-NZN,107,gCO2eq/kWh,15.36
1635483602,2021-10-29T04:00:00.000Z,ok,NZ-NZN,108,gCO2eq/kWh,15.58
1635485402,2021-10-29T05:00:00.000Z,ok,NZ-NZN,115,gCO2eq/kWh,16.84
1635487202,2021-10-29T05:00:00.000Z,ok,NZ-NZN,109,gCO2eq/kWh,15.67
1635489002,2021-10-29T06:00:00.000Z,ok,NZ-NZN,109,gCO2eq/kWh,15.67
1635490802,2021-10-29T06:00:00.000Z,ok,NZ-NZN,112,gCO2eq/kWh,16.17
1635492602,2021-10-29T07:00:00.000Z,ok,NZ-NZN,112,gCO2eq/kWh,16.17
1635494402,2021-10-29T07:00:00.000Z,ok,NZ-NZN,111,gCO2eq/kWh,16
1635496202,2021-10-29T08:00:00.000Z,ok,NZ-NZN,112,gCO2eq/kWh,16.16
1635498002,2021-10-29T08:00:00.000Z,ok,NZ-NZN,111,gCO2eq/kWh,16.04
1635499802,2021-10-29T09:00:00.000Z,ok,NZ-NZN,111,gCO2eq/kWh,16.03
1635501602,2021-10-29T09:00:00.000Z,ok,NZ-NZN,117,gCO2eq/kWh,17.14
1635503403,2021-10-29T10:00:00.000Z,ok,NZ-NZN,117,gCO2eq/kWh,17.14
1635505202,2021-10-29T10:00:00.000Z,ok,NZ-NZN,126,gCO2eq/kWh,18.6
1635507002,2021-10-29T11:00:00.000Z,ok,NZ-NZN,128,gCO2eq/kWh,19.02
1635508803,2021-10-29T11:00:00.000Z,ok,NZ-NZN,124,gCO2eq/kWh,17.94
1635510602,2021-10-29T12:00:00.000Z,ok,NZ-NZN,127,gCO2eq/kWh,18.46
1635512403,2021-10-29T13:00:00.000Z,ok,NZ-NZN,121,gCO2eq/kWh,16.94
1635514203,2021-10-29T13:00:00.000Z,ok,NZ-NZN,121,gCO2eq/kWh,16.94
1635516002,2021-10-29T13:00:00.000Z,ok,NZ-NZN,128,gCO2eq/kWh,18.25
1635517803,2021-10-29T14:00:00.000Z,ok,NZ-NZN,128,gCO2eq/kWh,18.32
1635519602,2021-10-29T14:00:00.000Z,ok,NZ-NZN,132,gCO2eq/kWh,18.95
1635521403,2021-10-29T15:00:00.000Z,ok,NZ-NZN,132,gCO2eq/kWh,18.95
1635523202,2021-10-29T15:00:00.000Z,ok,NZ-NZN,128,gCO2eq/kWh,18.07
1635525002,2021-10-29T16:00:00.000Z,ok,NZ-NZN,127,gCO2eq/kWh,17.85
1635526803,2021-10-29T16:00:00.000Z,ok,NZ-NZN,129,gCO2eq/kWh,18.49
1635528602,2021-10-29T17:00:00.000Z,ok,NZ-NZN,129,gCO2eq/kWh,18.48
1635530402,2021-10-29T17:00:00.000Z,ok,NZ-NZN,122,gCO2eq/kWh,17.25
1635532202,2021-10-29T18:00:00.000Z,ok,NZ-NZN,122,gCO2eq/kWh,17.24
1635534002,2021-10-29T18:00:00.000Z,ok,NZ-NZN,115,gCO2eq/kWh,16.06
1635535802,2021-10-29T19:00:00.000Z,ok,NZ-NZN,114,gCO2eq/kWh,15.9
1635537603,2021-10-29T19:00:00.000Z,ok,NZ-NZN,112,gCO2eq/kWh,15.93
1635539402,2021-10-29T20:00:00.000Z,ok,NZ-NZN,112,gCO2eq/kWh,15.93
1635541202,2021-10-29T20:00:00.000Z,ok,NZ-NZN,109,gCO2eq/kWh,15.52
1635543002,2021-10-29T21:00:00.000Z,ok,NZ-NZN,109,gCO2eq/kWh,15.52
1635544802,2021-10-29T21:00:00.000Z,ok,NZ-NZN,109,gCO2eq/kWh,15.54
1635546602,2021-10-29T22:00:00.000Z,ok,NZ-NZN,109,gCO2eq/kWh,15.53
1635548402,2021-10-29T22:00:00.000Z,ok,NZ-NZN,112,gCO2eq/kWh,16.03
1635550202,2021-10-29T23:00:00.000Z,ok,NZ-NZN,112,gCO2eq/kWh,16.04
1635552002,2021-10-29T23:00:00.000Z,ok,NZ-NZN,111,gCO2eq/kWh,15.950000000000001
1635553802,2021-10-30T00:00:00.000Z,ok,NZ-NZN,111,gCO2eq/kWh,15.960000000000003
1635555602,2021-10-30T00:00:00.000Z,ok,NZ-NZN,108,gCO2eq/kWh,15.45
1635557402,2021-10-30T01:00:00.000Z,ok,NZ-NZN,109,gCO2eq/kWh,15.509999999999998
1635559202,2021-10-30T01:00:00.000Z,ok,NZ-NZN,102,gCO2eq/kWh,14.069999999999999
1635561002,2021-10-30T02:00:00.000Z,ok,NZ-NZN,102,gCO2eq/kWh,14.12
1635562803,2021-10-30T02:00:00.000Z,ok,NZ-NZN,106,gCO2eq/kWh,14.859999999999998
1635564603,2021-10-30T03:00:00.000Z,ok,NZ-NZN,106,gCO2eq/kWh,14.859999999999998
1635566402,2021-10-30T03:00:00.000Z,ok,NZ-NZN,105,gCO2eq/kWh,14.859999999999998
1635568204,2021-10-30T04:00:00.000Z,ok,NZ-NZN,107,gCO2eq/kWh,15.18
1635570003,2021-10-30T04:00:00.000Z,ok,NZ-NZN,103,gCO2eq/kWh,14.469999999999999
1635571802,2021-10-30T05:00:00.000Z,ok,NZ-NZN,103,gCO2eq/kWh,14.469999999999999
1635573602,2021-10-30T05:00:00.000Z,ok,NZ-NZN,98,gCO2eq/kWh,13.65
1635575402,2021-10-30T06:00:00.000Z,ok,NZ-NZN,99,gCO2eq/kWh,13.699999999999998
1635577203,2021-10-30T06:00:00.000Z,ok,NZ-NZN,99,gCO2eq/kWh,13.74
1635579002,2021-10-30T07:00:00.000Z,ok,NZ-NZN,99,gCO2eq/kWh,13.73
1635580802,2021-10-30T07:00:00.000Z,ok,NZ-NZN,100,gCO2eq/kWh,13.819999999999999
1635582602,2021-10-30T08:00:00.000Z,ok,NZ-NZN,100,gCO2eq/kWh,13.86
1635584402,2021-10-30T08:00:00.000Z,ok,NZ-NZN,105,gCO2eq/kWh,14.88
1635586202,2021-10-30T09:00:00.000Z,ok,NZ-NZN,106,gCO2eq/kWh,14.940000000000001
1635588003,2021-10-30T09:00:00.000Z,ok,NZ-NZN,113,gCO2eq/kWh,16.22
1635589802,2021-10-30T10:00:00.000Z,ok,NZ-NZN,113,gCO2eq/kWh,16.24
1635591602,2021-10-30T10:00:00.000Z,ok,NZ-NZN,123,gCO2eq/kWh,17.92
1635593403,2021-10-30T11:00:00.000Z,ok,NZ-NZN,123,gCO2eq/kWh,18.02
1635595204,2021-10-30T11:00:00.000Z,ok,NZ-NZN,114,gCO2eq/kWh,15.909999999999998
1635597002,2021-10-30T12:00:00.000Z,ok,NZ-NZN,115,gCO2eq/kWh,16.06
1635598802,2021-10-30T12:00:00.000Z,ok,NZ-NZN,134,gCO2eq/kWh,19.9
1635600602,2021-10-30T13:00:00.000Z,ok,NZ-NZN,134,gCO2eq/kWh,19.91
1635602402,2021-10-30T13:00:00.000Z,ok,NZ-NZN,133,gCO2eq/kWh,19.47
1635604202,2021-10-30T14:00:00.000Z,ok,NZ-NZN,133,gCO2eq/kWh,19.48
1635606002,2021-10-30T14:00:00.000Z,ok,NZ-NZN,125,gCO2eq/kWh,18.05
1635607802,2021-10-30T15:00:00.000Z,ok,NZ-NZN,125,gCO2eq/kWh,18.05
1635609602,2021-10-30T15:00:00.000Z,ok,NZ-NZN,130,gCO2eq/kWh,18.65
1635611403,2021-10-30T16:00:00.000Z,ok,NZ-NZN,130,gCO2eq/kWh,18.65
1635613202,2021-10-30T16:00:00.000Z,ok,NZ-NZN,127,gCO2eq/kWh,18.24
1635615002,2021-10-30T17:00:00.000Z,ok,NZ-NZN,127,gCO2eq/kWh,18.24
1635616803,2021-10-30T17:00:00.000Z,ok,NZ-NZN,124,gCO2eq/kWh,17.73
1635618602,2021-10-30T18:00:00.000Z,ok,NZ-NZN,124,gCO2eq/kWh,17.78
1635620403,2021-10-30T18:00:00.000Z,ok,NZ-NZN,116,gCO2eq/kWh,16.4
1635622202,2021-10-30T19:00:00.000Z,ok,NZ-NZN,116,gCO2eq/kWh,16.4
1635624002,2021-10-30T19:00:00.000Z,ok,NZ-NZN,115,gCO2eq/kWh,16.55
1635625802,2021-10-30T20:00:00.000Z,ok,NZ-NZN,116,gCO2eq/kWh,16.64
1635627602,2021-10-30T20:00:00.000Z,ok,NZ-NZN,110,gCO2eq/kWh,15.6
1635629402,2021-10-30T21:00:00.000Z,ok,NZ-NZN,110,gCO2eq/kWh,15.6
1635631202,2021-10-30T21:00:00.000Z,ok,NZ-NZN,106,gCO2eq/kWh,14.97
1635633003,2021-10-30T22:00:00.000Z,ok,NZ-NZN,106,gCO2eq/kWh,14.97
1635634803,2021-10-30T22:00:00.000Z,ok,NZ-NZN,102,gCO2eq/kWh,14.27
1635636602,2021-10-30T23:00:00.000Z,ok,NZ-NZN,104,gCO2eq/kWh,14.59
1635638403,2021-10-30T23:00:00.000Z,ok,NZ-NZN,94,gCO2eq/kWh,12.45
1635640202,2021-10-31T00:00:00.000Z,ok,NZ-NZN,94,gCO2eq/kWh,12.45
1635642003,2021-10-31T00:00:00.000Z,ok,NZ-NZN,92,gCO2eq/kWh,11.94
1635643802,2021-10-31T01:00:00.000Z,ok,NZ-NZN,92,gCO2eq/kWh,12
1635645602,2021-10-31T01:00:00.000Z,ok,NZ-NZN,92,gCO2eq/kWh,12
1635647402,2021-10-31T01:00:00.000Z,ok,NZ-NZN,92,gCO2eq/kWh,12
1635649203,2021-10-31T02:00:00.000Z,ok,NZ-NZN,97,gCO2eq/kWh,13
1635651002,2021-10-31T03:00:00.000Z,ok,NZ-NZN,97,gCO2eq/kWh,12.990000000000002
1635652802,2021-10-31T03:00:00.000Z,ok,NZ-NZN,94,gCO2eq/kWh,12.25
1635654602,2021-10-31T04:00:00.000Z,ok,NZ-NZN,94,gCO2eq/kWh,12.25
1635656403,2021-10-31T05:00:00.000Z,ok,NZ-NZN,97,gCO2eq/kWh,13.03
1635658203,2021-10-31T05:00:00.000Z,ok,NZ-NZN,97,gCO2eq/kWh,13.03
1635660003,2021-10-31T05:00:00.000Z,ok,NZ-NZN,94,gCO2eq/kWh,12.42
1635661802,2021-10-31T06:00:00.000Z,ok,NZ-NZN,94,gCO2eq/kWh,12.42
1635663602,2021-10-31T06:00:00.000Z,ok,NZ-NZN,99,gCO2eq/kWh,13.56
1635665402,2021-10-31T07:00:00.000Z,ok,NZ-NZN,99,gCO2eq/kWh,13.56
1635667203,2021-10-31T07:00:00.000Z,ok,NZ-NZN,101,gCO2eq/kWh,13.8
1635669002,2021-10-31T08:00:00.000Z,ok,NZ-NZN,101,gCO2eq/kWh,13.8
1635670802,2021-10-31T08:00:00.000Z,ok,NZ-NZN,101,gCO2eq/kWh,13.81
1635672602,2021-10-31T09:00:00.000Z,ok,NZ-NZN,101,gCO2eq/kWh,13.81
1635674402,2021-10-31T09:00:00.000Z,ok,NZ-NZN,108,gCO2eq/kWh,15.120000000000001
1635676203,2021-10-31T10:00:00.000Z,ok,NZ-NZN,109,gCO2eq/kWh,15.18
1635678002,2021-10-31T10:00:00.000Z,ok,NZ-NZN,121,gCO2eq/kWh,17.3
1635679802,2021-10-31T11:00:00.000Z,ok,NZ-NZN,121,gCO2eq/kWh,17.3
1635681602,2021-10-31T11:00:00.000Z,ok,NZ-NZN,120,gCO2eq/kWh,16.68
1635683402,2021-10-31T12:00:00.000Z,ok,NZ-NZN,121,gCO2eq/kWh,16.86
1635685202,2021-10-31T13:00:00.000Z,ok,NZ-NZN,124,gCO2eq/kWh,17.13
1635687002,2021-10-31T13:00:00.000Z,ok,NZ-NZN,124,gCO2eq/kWh,17.13
1635688802,2021-10-31T13:00:00.000Z,ok,NZ-NZN,125,gCO2eq/kWh,17.52
1635690603,2021-10-31T14:00:00.000Z,ok,NZ-NZN,125,gCO2eq/kWh,17.52
1635692402,2021-10-31T14:00:00.000Z,ok,NZ-NZN,126,gCO2eq/kWh,17.61
1635694203,2021-10-31T15:00:00.000Z,ok,NZ-NZN,126,gCO2eq/kWh,17.61
1635696003,2021-10-31T15:00:00.000Z,ok,NZ-NZN,126,gCO2eq/kWh,17.46
1635697802,2021-10-31T16:00:00.000Z,ok,NZ-NZN,126,gCO2eq/kWh,17.46
1635699602,2021-10-31T16:00:00.000Z,ok,NZ-NZN,116,gCO2eq/kWh,15.909999999999998
1635701402,2021-10-31T17:00:00.000Z,ok,NZ-NZN,116,gCO2eq/kWh,15.909999999999998
1635703202,2021-10-31T17:00:00.000Z,ok,NZ-NZN,104,gCO2eq/kWh,13.79
1635705003,2021-10-31T18:00:00.000Z,ok,NZ-NZN,105,gCO2eq/kWh,13.970000000000002
1635706802,2021-10-31T18:00:00.000Z,ok,NZ-NZN,104,gCO2eq/kWh,14.56
1635708602,2021-10-31T19:00:00.000Z,ok,NZ-NZN,104,gCO2eq/kWh,14.56
1635710402,2021-10-31T19:00:00.000Z,ok,NZ-NZN,101,gCO2eq/kWh,14.08
1635712203,2021-10-31T20:00:00.000Z,ok,NZ-NZN,101,gCO2eq/kWh,14.08
1635714003,2021-10-31T20:00:00.000Z,ok,NZ-NZN,101,gCO2eq/kWh,14.150000000000002
1635715802,2021-10-31T21:00:00.000Z,ok,NZ-NZN,101,gCO2eq/kWh,14.150000000000002
1635717602,2021-10-31T21:00:00.000Z,ok,NZ-NZN,102,gCO2eq/kWh,14.26
1635719403,2021-10-31T22:00:00.000Z,ok,NZ-NZN,102,gCO2eq/kWh,14.26
1635721202,2021-10-31T22:00:00.000Z,ok,NZ-NZN,88,gCO2eq/kWh,11.33
1635723002,2021-10-31T23:00:00.000Z,ok,NZ-NZN,88,gCO2eq/kWh,11.33
1635724802,2021-11-01T00:00:00.000Z,ok,NZ-NZN,84,gCO2eq/kWh,10.35
1635726602,2021-11-01T00:00:00.000Z,ok,NZ-NZN,84,gCO2eq/kWh,10.35
1635728402,2021-11-01T00:00:00.000Z,ok,NZ-NZN,84,gCO2eq/kWh,10.44
1635730202,2021-11-01T01:00:00.000Z,ok,NZ-NZN,85,gCO2eq/kWh,10.54
1635732002,2021-11-01T01:00:00.000Z,ok,NZ-NZN,86,gCO2eq/kWh,10.78
1635733802,2021-11-01T02:00:00.000Z,ok,NZ-NZN,86,gCO2eq/kWh,10.78
1635735602,2021-11-01T02:00:00.000Z,ok,NZ-NZN,86,gCO2eq/kWh,10.68
1635737402,2021-11-01T03:00:00.000Z,ok,NZ-NZN,86,gCO2eq/kWh,10.68
1635739202,2021-11-01T03:00:00.000Z,ok,NZ-NZN,85,gCO2eq/kWh,10.56
1635741002,2021-11-01T04:00:00.000Z,ok,NZ-NZN,85,gCO2eq/kWh,10.56
1635742802,2021-11-01T04:00:00.000Z,ok,NZ-NZN,84,gCO2eq/kWh,10.4
1635744602,2021-11-01T05:00:00.000Z,ok,NZ-NZN,84,gCO2eq/kWh,10.4
1635746402,2021-11-01T05:00:00.000Z,ok,NZ-NZN,81,gCO2eq/kWh,10
1635748202,2021-11-01T06:00:00.000Z,ok,NZ-NZN,81,gCO2eq/kWh,10
1635750003,2021-11-01T06:00:00.000Z,ok,NZ-NZN,82,gCO2eq/kWh,10.13
1635751802,2021-11-01T07:00:00.000Z,ok,NZ-NZN,82,gCO2eq/kWh,10.13
1635753602,2021-11-01T07:00:00.000Z,ok,NZ-NZN,83,gCO2eq/kWh,10.22
1635755402,2021-11-01T08:00:00.000Z,ok,NZ-NZN,83,gCO2eq/kWh,10.22
1635757202,2021-11-01T08:00:00.000Z,ok,NZ-NZN,85,gCO2eq/kWh,10.49
1635759002,2021-11-01T09:00:00.000Z,ok,NZ-NZN,85,gCO2eq/kWh,10.49
1635760803,2021-11-01T09:00:00.000Z,ok,NZ-NZN,91,gCO2eq/kWh,11.69
1635762602,2021-11-01T10:00:00.000Z,ok,NZ-NZN,91,gCO2eq/kWh,11.69
1635764402,2021-11-01T10:00:00.000Z,ok,NZ-NZN,100,gCO2eq/kWh,13.16
1635766203,2021-11-01T11:00:00.000Z,ok,NZ-NZN,100,gCO2eq/kWh,13.16
1635768003,2021-11-01T11:00:00.000Z,ok,NZ-NZN,107,gCO2eq/kWh,14.34
1635769803,2021-11-01T12:00:00.000Z,ok,NZ-NZN,108,gCO2eq/kWh,14.6
1635771602,2021-11-01T12:00:00.000Z,ok,NZ-NZN,121,gCO2eq/kWh,17.08
1635773402,2021-11-01T13:00:00.000Z,ok,NZ-NZN,121,gCO2eq/kWh,17.08
1635775202,2021-11-01T13:00:00.000Z,ok,NZ-NZN,119,gCO2eq/kWh,16.58
1635777003,2021-11-01T14:00:00.000Z,ok,NZ-NZN,119,gCO2eq/kWh,16.58
1635778802,2021-11-01T14:00:00.000Z,ok,NZ-NZN,120,gCO2eq/kWh,16.76
1635780602,2021-11-01T15:00:00.000Z,ok,NZ-NZN,120,gCO2eq/kWh,16.76
1635782402,2021-11-01T15:00:00.000Z,ok,NZ-NZN,123,gCO2eq/kWh,17.34
1635784202,2021-11-01T16:00:00.000Z,ok,NZ-NZN,123,gCO2eq/kWh,17.34
1635786002,2021-11-01T16:00:00.000Z,ok,NZ-NZN,116,gCO2eq/kWh,15.920000000000002
1635787802,2021-11-01T17:00:00.000Z,ok,NZ-NZN,116,gCO2eq/kWh,15.920000000000002
1635789602,2021-11-01T17:00:00.000Z,ok,NZ-NZN,105,gCO2eq/kWh,14.26
1635791402,2021-11-01T18:00:00.000Z,ok,NZ-NZN,105,gCO2eq/kWh,14.249999999999998
1635793202,2021-11-01T18:00:00.000Z,ok,NZ-NZN,103,gCO2eq/kWh,14.249999999999998
1635795002,2021-11-01T19:00:00.000Z,ok,NZ-NZN,103,gCO2eq/kWh,14.249999999999998
1635796802,2021-11-01T19:00:00.000Z,ok,NZ-NZN,103,gCO2eq/kWh,14.529999999999998
1635798602,2021-11-01T20:00:00.000Z,ok,NZ-NZN,103,gCO2eq/kWh,14.529999999999998
1635800402,2021-11-01T20:00:00.000Z,ok,NZ-NZN,101,gCO2eq/kWh,14.02
1635802202,2021-11-01T21:00:00.000Z,ok,NZ-NZN,101,gCO2eq/kWh,14.04
1635804003,2021-11-01T21:00:00.000Z,ok,NZ-NZN,102,gCO2eq/kWh,14.31
1635805802,2021-11-01T22:00:00.000Z,ok,NZ-NZN,102,gCO2eq/kWh,14.42
1635807603,2021-11-01T22:00:00.000Z,ok,NZ-NZN,103,gCO2eq/kWh,14.529999999999998
1635809402,2021-11-01T23:00:00.000Z,ok,NZ-NZN,103,gCO2eq/kWh,14.529999999999998
1635811202,2021-11-01T23:00:00.000Z,ok,NZ-NZN,101,gCO2eq/kWh,14.249999999999998
1635813002,2021-11-02T00:00:00.000Z,ok,NZ-NZN,103,gCO2eq/kWh,14.44
1635814802,2021-11-02T00:00:00.000Z,ok,NZ-NZN,102,gCO2eq/kWh,14.3
1635816602,2021-11-02T01:00:00.000Z,ok,NZ-NZN,102,gCO2eq/kWh,14.3
1635818403,2021-11-02T01:00:00.000Z,ok,NZ-NZN,103,gCO2eq/kWh,14.49
1635820202,2021-11-02T02:00:00.000Z,ok,NZ-NZN,103,gCO2eq/kWh,14.49
1635822002,2021-11-02T02:00:00.000Z,ok,NZ-NZN,97,gCO2eq/kWh,13.28
1635823802,2021-11-02T03:00:00.000Z,ok,NZ-NZN,97,gCO2eq/kWh,13.36
1635825602,2021-11-02T03:00:00.000Z,ok,NZ-NZN,97,gCO2eq/kWh,13.320000000000002
1635827402,2021-11-02T04:00:00.000Z,ok,NZ-NZN,97,gCO2eq/kWh,13.320000000000002
1635829202,2021-11-02T04:00:00.000Z,ok,NZ-NZN,99,gCO2eq/kWh,13.76
1635831002,2021-11-02T05:00:00.000Z,ok,NZ-NZN,99,gCO2eq/kWh,13.77
1635832802,2021-11-02T05:00:00.000Z,ok,NZ-NZN,100,gCO2eq/kWh,14.12
1635834602,2021-11-02T06:00:00.000Z,ok,NZ-NZN,100,gCO2eq/kWh,14.12
1635836403,2021-11-02T06:00:00.000Z,ok,NZ-NZN,101,gCO2eq/kWh,14.32
1635838212,2021-11-02T07:00:00.000Z,ok,NZ-NZN,101,gCO2eq/kWh,14.32
1635840002,2021-11-02T07:00:00.000Z,ok,NZ-NZN,106,gCO2eq/kWh,15.28
1635841802,2021-11-02T08:00:00.000Z,ok,NZ-NZN,106,gCO2eq/kWh,15.28
1635843602,2021-11-02T08:00:00.000Z,ok,NZ-NZN,107,gCO2eq/kWh,15.58
1635845402,2021-11-02T09:00:00.000Z,ok,NZ-NZN,107,gCO2eq/kWh,15.620000000000001
1635847202,2021-11-02T09:00:00.000Z,ok,NZ-NZN,110,gCO2eq/kWh,15.89
1635849002,2021-11-02T10:00:00.000Z,ok,NZ-NZN,110,gCO2eq/kWh,15.839999999999998
1635850802,2021-11-02T10:00:00.000Z,ok,NZ-NZN,100,gCO2eq/kWh,13.390000000000002
1635852602,2021-11-02T11:00:00.000Z,ok,NZ-NZN,100,gCO2eq/kWh,13.390000000000002
1635854402,2021-11-02T11:00:00.000Z,ok,NZ-NZN,66,gCO2eq/kWh,5.77
1635856202,2021-11-02T12:00:00.000Z,ok,NZ-NZN,66,gCO2eq/kWh,5.8
1635858002,2021-11-02T12:00:00.000Z,ok,NZ-NZN,67,gCO2eq/kWh,5.98
1635859802,2021-11-02T13:00:00.000Z,ok,NZ-NZN,67,gCO2eq/kWh,5.98
1635861602,2021-11-02T13:00:00.000Z,ok,NZ-NZN,68,gCO2eq/kWh,6.04
1635863402,2021-11-02T14:00:00.000Z,ok,NZ-NZN,68,gCO2eq/kWh,6.04
1635865202,2021-11-02T14:00:00.000Z,ok,NZ-NZN,69,gCO2eq/kWh,6.24
1635867002,2021-11-02T15:00:00.000Z,ok,NZ-NZN,69,gCO2eq/kWh,6.24
1635868803,2021-11-02T15:00:00.000Z,ok,NZ-NZN,69,gCO2eq/kWh,6.15
1635870602,2021-11-02T16:00:00.000Z,ok,NZ-NZN,69,gCO2eq/kWh,6.15
1635872403,2021-11-02T16:00:00.000Z,ok,NZ-NZN,70,gCO2eq/kWh,6.260000000000001
1635874202,2021-11-02T17:00:00.000Z,ok,NZ-NZN,70,gCO2eq/kWh,6.260000000000001
1635876003,2021-11-02T17:00:00.000Z,ok,NZ-NZN,103,gCO2eq/kWh,13.970000000000002
1635877802,2021-11-02T18:00:00.000Z,ok,NZ-NZN,103,gCO2eq/kWh,13.970000000000002
1635879602,2021-11-02T18:00:00.000Z,ok,NZ-NZN,112,gCO2eq/kWh,16.28
1635881402,2021-11-02T19:00:00.000Z,ok,NZ-NZN,112,gCO2eq/kWh,16.28
1635883202,2021-11-02T19:00:00.000Z,ok,NZ-NZN,102,gCO2eq/kWh,14.59
1635885002,2021-11-02T20:00:00.000Z,ok,NZ-NZN,102,gCO2eq/kWh,14.59
1635886802,2021-11-02T20:00:00.000Z,ok,NZ-NZN,101,gCO2eq/kWh,14.400000000000002
1635888602,2021-11-02T21:00:00.000Z,ok,NZ-NZN,101,gCO2eq/kWh,14.39
1635890403,2021-11-02T21:00:00.000Z,ok,NZ-NZN,103,gCO2eq/kWh,14.78
1635892204,2021-11-02T22:00:00.000Z,ok,NZ-NZN,103,gCO2eq/kWh,14.78
1635894002,2021-11-02T22:00:00.000Z,ok,NZ-NZN,103,gCO2eq/kWh,14.92
1635895802,2021-11-02T23:00:00.000Z,ok,NZ-NZN,103,gCO2eq/kWh,14.92
1635897603,2021-11-02T23:00:00.000Z,ok,NZ-NZN,97,gCO2eq/kWh,13.84
1635899405,2021-11-03T00:00:00.000Z,ok,NZ-NZN,97,gCO2eq/kWh,13.94
1635901202,2021-11-03T00:00:00.000Z,ok,NZ-NZN,103,gCO2eq/kWh,14.46
1635903002,2021-11-03T01:00:00.000Z,ok,NZ-NZN,104,gCO2eq/kWh,14.71
1635904802,2021-11-03T01:00:00.000Z,ok,NZ-NZN,108,gCO2eq/kWh,15.380000000000003
1635906602,2021-11-03T02:00:00.000Z,ok,NZ-NZN,108,gCO2eq/kWh,15.380000000000003
1635908403,2021-11-03T02:00:00.000Z,ok,NZ-NZN,95,gCO2eq/kWh,13.52
1635910202,2021-11-03T03:00:00.000Z,ok,NZ-NZN,95,gCO2eq/kWh,13.52
1635912002,2021-11-03T03:00:00.000Z,ok,NZ-NZN,95,gCO2eq/kWh,13.59
1635913802,2021-11-03T04:00:00.000Z,ok,NZ-NZN,95,gCO2eq/kWh,13.59
1635915602,2021-11-03T04:00:00.000Z,ok,NZ-NZN,92,gCO2eq/kWh,12.86
1635917402,2021-11-03T05:00:00.000Z,ok,NZ-NZN,92,gCO2eq/kWh,12.86
1635919208,2021-11-03T05:00:00.000Z,ok,NZ-NZN,93,gCO2eq/kWh,12.98
1635921003,2021-11-03T06:00:00.000Z,ok,NZ-NZN,93,gCO2eq/kWh,12.98
1635922802,2021-11-03T06:00:00.000Z,ok,NZ-NZN,93,gCO2eq/kWh,12.89
1635924602,2021-11-03T07:00:00.000Z,ok,NZ-NZN,93,gCO2eq/kWh,12.89
1635926402,2021-11-03T07:00:00.000Z,ok,NZ-NZN,92,gCO2eq/kWh,12.65
1635928203,2021-11-03T08:00:00.000Z,ok,NZ-NZN,92,gCO2eq/kWh,12.65
1635930003,2021-11-03T08:00:00.000Z,ok,NZ-NZN,98,gCO2eq/kWh,13.930000000000001
1635931802,2021-11-03T09:00:00.000Z,ok,NZ-NZN,98,gCO2eq/kWh,13.930000000000001
1635933603,2021-11-03T09:00:00.000Z,ok,NZ-NZN,101,gCO2eq/kWh,14.49
1635935403,2021-11-03T10:00:00.000Z,ok,NZ-NZN,102,gCO2eq/kWh,14.610000000000001
1635937202,2021-11-03T10:00:00.000Z,ok,NZ-NZN,93,gCO2eq/kWh,12.22
1635939002,2021-11-03T11:00:00.000Z,ok,NZ-NZN,93,gCO2eq/kWh,12.29
1635940802,2021-11-03T11:00:00.000Z,ok,NZ-NZN,62,gCO2eq/kWh,5.18
1635942602,2021-11-03T12:00:00.000Z,ok,NZ-NZN,62,gCO2eq/kWh,5.18
1635944403,2021-11-03T12:00:00.000Z,ok,NZ-NZN,66,gCO2eq/kWh,5.68
1635946202,2021-11-03T13:00:00.000Z,ok,NZ-NZN,66,gCO2eq/kWh,5.7
1635948002,2021-11-03T13:00:00.000Z,ok,NZ-NZN,67,gCO2eq/kWh,5.81
1635949802,2021-11-03T14:00:00.000Z,ok,NZ-NZN,67,gCO2eq/kWh,5.81
1635951602,2021-11-03T14:00:00.000Z,ok,NZ-NZN,67,gCO2eq/kWh,5.88
1635953402,2021-11-03T15:00:00.000Z,ok,NZ-NZN,67,gCO2eq/kWh,5.88
1635955202,2021-11-03T15:00:00.000Z,ok,NZ-NZN,69,gCO2eq/kWh,6.06
1635957003,2021-11-03T16:00:00.000Z,ok,NZ-NZN,69,gCO2eq/kWh,6.06
1635958803,2021-11-03T16:00:00.000Z,ok,NZ-NZN,65,gCO2eq/kWh,5.58
1635960603,2021-11-03T17:00:00.000Z,ok,NZ-NZN,65,gCO2eq/kWh,5.57
1635962403,2021-11-03T17:00:00.000Z,ok,NZ-NZN,80,gCO2eq/kWh,9.41
1635964202,2021-11-03T18:00:00.000Z,ok,NZ-NZN,84,gCO2eq/kWh,10.27
1635966002,2021-11-03T18:00:00.000Z,ok,NZ-NZN,97,gCO2eq/kWh,13.4
1635967802,2021-11-03T19:00:00.000Z,ok,NZ-NZN,97,gCO2eq/kWh,13.4
1635969602,2021-11-03T19:00:00.000Z,ok,NZ-NZN,96,gCO2eq/kWh,13.639999999999999
1635971403,2021-11-03T20:00:00.000Z,ok,NZ-NZN,96,gCO2eq/kWh,13.63
1635973202,2021-11-03T20:00:00.000Z,ok,NZ-NZN,96,gCO2eq/kWh,13.449999999999998
1635975002,2021-11-03T21:00:00.000Z,ok,NZ-NZN,96,gCO2eq/kWh,13.449999999999998
1635976802,2021-11-03T21:00:00.000Z,ok,NZ-NZN,97,gCO2eq/kWh,13.63
1635978602,2021-11-03T22:00:00.000Z,ok,NZ-NZN,97,gCO2eq/kWh,13.63
1635980402,2021-11-03T22:00:00.000Z,ok,NZ-NZN,98,gCO2eq/kWh,13.819999999999999
1635982203,2021-11-03T23:00:00.000Z,ok,NZ-NZN,98,gCO2eq/kWh,13.819999999999999
1635984003,2021-11-03T23:00:00.000Z,ok,NZ-NZN,98,gCO2eq/kWh,13.639999999999999
1635985802,2021-11-04T00:00:00.000Z,ok,NZ-NZN,98,gCO2eq/kWh,13.639999999999999
1635987603,2021-11-04T00:00:00.000Z,ok,NZ-NZN,100,gCO2eq/kWh,14.069999999999999
1635989402,2021-11-04T01:00:00.000Z,ok,NZ-NZN,101,gCO2eq/kWh,14.32
1635991203,2021-11-04T01:00:00.000Z,ok,NZ-NZN,98,gCO2eq/kWh,13.720000000000002
1635993002,2021-11-04T02:00:00.000Z,ok,NZ-NZN,98,gCO2eq/kWh,13.720000000000002
1635994803,2021-11-04T02:00:00.000Z,ok,NZ-NZN,86,gCO2eq/kWh,11.04
1635996602,2021-11-04T03:00:00.000Z,ok,NZ-NZN,86,gCO2eq/kWh,11.04
1635998403,2021-11-04T03:00:00.000Z,ok,NZ-NZN,84,gCO2eq/kWh,10.64
1636000202,2021-11-04T04:00:00.000Z,ok,NZ-NZN,84,gCO2eq/kWh,10.64
1636002004,2021-11-04T04:00:00.000Z,ok,NZ-NZN,82,gCO2eq/kWh,10.37
1636003802,2021-11-04T05:00:00.000Z,ok,NZ-NZN,82,gCO2eq/kWh,10.37
1636005601,2021-11-04T05:00:00.000Z,ok,NZ-NZN,76,gCO2eq/kWh,9.09
1636007403,2021-11-04T06:00:00.000Z,ok,NZ-NZN,76,gCO2eq/kWh,9.09
1636009202,2021-11-04T06:00:00.000Z,ok,NZ-NZN,76,gCO2eq/kWh,9.13
1636011003,2021-11-04T07:00:00.000Z,ok,NZ-NZN,76,gCO2eq/kWh,9.13
1636012802,2021-11-04T07:00:00.000Z,ok,NZ-NZN,78,gCO2eq/kWh,9.29
1636014602,2021-11-04T08:00:00.000Z,ok,NZ-NZN,78,gCO2eq/kWh,9.29
1636016403,2021-11-04T08:00:00.000Z,ok,NZ-NZN,80,gCO2eq/kWh,9.75
1636018202,2021-11-04T09:00:00.000Z,ok,NZ-NZN,80,gCO2eq/kWh,9.75
1636020002,2021-11-04T09:00:00.000Z,ok,NZ-NZN,54,gCO2eq/kWh,4
1636021802,2021-11-04T10:00:00.000Z,ok,NZ-NZN,54,gCO2eq/kWh,4
1636023602,2021-11-04T10:00:00.000Z,ok,NZ-NZN,58,gCO2eq/kWh,4.51
1636025402,2021-11-04T11:00:00.000Z,ok,NZ-NZN,58,gCO2eq/kWh,4.51
1636027203,2021-11-04T11:00:00.000Z,ok,NZ-NZN,63,gCO2eq/kWh,5.15
1636029002,2021-11-04T12:00:00.000Z,ok,NZ-NZN,63,gCO2eq/kWh,5.15
1636032602,2021-11-04T13:00:00.000Z,ok,NZ-NZN,66,gCO2eq/kWh,5.6
1636034402,2021-11-04T13:00:00.000Z,ok,NZ-NZN,69,gCO2eq/kWh,5.93
1636036203,2021-11-04T14:00:00.000Z,ok,NZ-NZN,69,gCO2eq/kWh,5.93
1636038002,2021-11-04T14:00:00.000Z,ok,NZ-NZN,71,gCO2eq/kWh,6.21
1636039803,2021-11-04T15:00:00.000Z,ok,NZ-NZN,71,gCO2eq/kWh,6.21
1636041602,2021-11-04T15:00:00.000Z,ok,NZ-NZN,72,gCO2eq/kWh,6.35
1636043402,2021-11-04T16:00:00.000Z,ok,NZ-NZN,72,gCO2eq/kWh,6.35
1636045202,2021-11-04T16:00:00.000Z,ok,NZ-NZN,68,gCO2eq/kWh,5.79
1636047003,2021-11-04T17:00:00.000Z,ok,NZ-NZN,68,gCO2eq/kWh,5.79
1636048803,2021-11-04T17:00:00.000Z,ok,NZ-NZN,63,gCO2eq/kWh,5.39
1636050602,2021-11-04T18:00:00.000Z,ok,NZ-NZN,63,gCO2eq/kWh,5.39
1636052402,2021-11-04T18:00:00.000Z,ok,NZ-NZN,94,gCO2eq/kWh,12.54
1636054202,2021-11-04T19:00:00.000Z,ok,NZ-NZN,95,gCO2eq/kWh,12.67
1636056003,2021-11-04T19:00:00.000Z,ok,NZ-NZN,93,gCO2eq/kWh,12.6
1636057802,2021-11-04T20:00:00.000Z,ok,NZ-NZN,93,gCO2eq/kWh,12.6
1636059602,2021-11-04T20:00:00.000Z,ok,NZ-NZN,91,gCO2eq/kWh,12.23
1636061403,2021-11-04T21:00:00.000Z,ok,NZ-NZN,91,gCO2eq/kWh,12.23
1636063202,2021-11-04T21:00:00.000Z,ok,NZ-NZN,93,gCO2eq/kWh,12.55
1636065002,2021-11-04T22:00:00.000Z,ok,NZ-NZN,93,gCO2eq/kWh,12.55
1636066802,2021-11-04T22:00:00.000Z,ok,NZ-NZN,95,gCO2eq/kWh,12.89
1636068602,2021-11-04T23:00:00.000Z,ok,NZ-NZN,95,gCO2eq/kWh,12.89
1636070407,2021-11-04T23:00:00.000Z,ok,NZ-NZN,94,gCO2eq/kWh,12.710000000000003
1636072203,2021-11-05T00:00:00.000Z,ok,NZ-NZN,94,gCO2eq/kWh,12.79
1636074003,2021-11-05T00:00:00.000Z,ok,NZ-NZN,94,gCO2eq/kWh,12.740000000000002
1636075803,2021-11-05T01:00:00.000Z,ok,NZ-NZN,94,gCO2eq/kWh,12.740000000000002
1636077602,2021-11-05T01:00:00.000Z,ok,NZ-NZN,94,gCO2eq/kWh,12.79
1636079402,2021-11-05T02:00:00.000Z,ok,NZ-NZN,94,gCO2eq/kWh,12.79
1636081202,2021-11-05T02:00:00.000Z,ok,NZ-NZN,88,gCO2eq/kWh,11.48
1636083003,2021-11-05T03:00:00.000Z,ok,NZ-NZN,89,gCO2eq/kWh,11.61
1636084802,2021-11-05T03:00:00.000Z,ok,NZ-NZN,88,gCO2eq/kWh,11.42
1636086602,2021-11-05T04:00:00.000Z,ok,NZ-NZN,88,gCO2eq/kWh,11.43
1636088403,2021-11-05T04:00:00.000Z,ok,NZ-NZN,89,gCO2eq/kWh,11.62
1636090203,2021-11-05T05:00:00.000Z,ok,NZ-NZN,89,gCO2eq/kWh,11.62
1636092002,2021-11-05T05:00:00.000Z,ok,NZ-NZN,86,gCO2eq/kWh,11.02
1636093802,2021-11-05T06:00:00.000Z,ok,NZ-NZN,86,gCO2eq/kWh,11.02
1636095602,2021-11-05T06:00:00.000Z,ok,NZ-NZN,97,gCO2eq/kWh,13.37
1636097402,2021-11-05T07:00:00.000Z,ok,NZ-NZN,97,gCO2eq/kWh,13.36
1636099202,2021-11-05T07:00:00.000Z,ok,NZ-NZN,98,gCO2eq/kWh,13.56
1636101003,2021-11-05T08:00:00.000Z,ok,NZ-NZN,98,gCO2eq/kWh,13.56
1636102802,2021-11-05T08:00:00.000Z,ok,NZ-NZN,103,gCO2eq/kWh,14.330000000000002
1636104602,2021-11-05T09:00:00.000Z,ok,NZ-NZN,103,gCO2eq/kWh,14.330000000000002
1636106403,2021-11-05T09:00:00.000Z,ok,NZ-NZN,105,gCO2eq/kWh,14.75
1636108202,2021-11-05T10:00:00.000Z,ok,NZ-NZN,105,gCO2eq/kWh,14.75
1636110002,2021-11-05T10:00:00.000Z,ok,NZ-NZN,97,gCO2eq/kWh,12.73
1636111803,2021-11-05T11:00:00.000Z,ok,NZ-NZN,97,gCO2eq/kWh,12.73
1636113606,2021-11-05T11:00:00.000Z,ok,NZ-NZN,62,gCO2eq/kWh,5.1
1636115402,2021-11-05T12:00:00.000Z,ok,NZ-NZN,63,gCO2eq/kWh,5.15
1636117202,2021-11-05T12:00:00.000Z,ok,NZ-NZN,66,gCO2eq/kWh,5.63
1636119002,2021-11-05T13:00:00.000Z,ok,NZ-NZN,66,gCO2eq/kWh,5.63
1636120802,2021-11-05T13:00:00.000Z,ok,NZ-NZN,69,gCO2eq/kWh,5.94
1636122602,2021-11-05T14:00:00.000Z,ok,NZ-NZN,69,gCO2eq/kWh,5.94
1636124403,2021-11-05T14:00:00.000Z,ok,NZ-NZN,69,gCO2eq/kWh,5.97
1636126202,2021-11-05T15:00:00.000Z,ok,NZ-NZN,69,gCO2eq/kWh,5.97
1636128002,2021-11-05T15:00:00.000Z,ok,NZ-NZN,74,gCO2eq/kWh,6.5
1636129802,2021-11-05T16:00:00.000Z,ok,NZ-NZN,74,gCO2eq/kWh,6.58
1636131602,2021-11-05T16:00:00.000Z,ok,NZ-NZN,76,gCO2eq/kWh,6.83
1636133402,2021-11-05T17:00:00.000Z,ok,NZ-NZN,76,gCO2eq/kWh,6.83
1636135203,2021-11-05T17:00:00.000Z,ok,NZ-NZN,79,gCO2eq/kWh,7.24
1636137004,2021-11-05T18:00:00.000Z,ok,NZ-NZN,79,gCO2eq/kWh,7.249999999999999
1636138802,2021-11-05T18:00:00.000Z,ok,NZ-NZN,88,gCO2eq/kWh,8.3
1636140604,2021-11-05T19:00:00.000Z,ok,NZ-NZN,89,gCO2eq/kWh,8.42
1636142402,2021-11-05T19:00:00.000Z,ok,NZ-NZN,96,gCO2eq/kWh,9.24
1636144202,2021-11-05T20:00:00.000Z,ok,NZ-NZN,96,gCO2eq/kWh,9.24
1636146003,2021-11-05T20:00:00.000Z,ok,NZ-NZN,116,gCO2eq/kWh,12.38
1636147803,2021-11-05T21:00:00.000Z,ok,NZ-NZN,116,gCO2eq/kWh,12.38
1636149603,2021-11-05T21:00:00.000Z,ok,NZ-NZN,112,gCO2eq/kWh,11.9
1636151403,2021-11-05T22:00:00.000Z,ok,NZ-NZN,112,gCO2eq/kWh,11.9
1636153202,2021-11-05T22:00:00.000Z,ok,NZ-NZN,111,gCO2eq/kWh,11.81
1636155002,2021-11-05T23:00:00.000Z,ok,NZ-NZN,111,gCO2eq/kWh,11.81
1636156802,2021-11-05T23:00:00.000Z,ok,NZ-NZN,108,gCO2eq/kWh,11.31
1636158602,2021-11-06T00:00:00.000Z,ok,NZ-NZN,108,gCO2eq/kWh,11.31
1636160402,2021-11-06T00:00:00.000Z,ok,NZ-NZN,113,gCO2eq/kWh,11.94
1636162202,2021-11-06T01:00:00.000Z,ok,NZ-NZN,113,gCO2eq/kWh,11.94
1636164002,2021-11-06T01:00:00.000Z,ok,NZ-NZN,106,gCO2eq/kWh,10.51
1636165803,2021-11-06T02:00:00.000Z,ok,NZ-NZN,106,gCO2eq/kWh,10.51
1636167602,2021-11-06T03:00:00.000Z,ok,NZ-NZN,106,gCO2eq/kWh,10.45
1636169403,2021-11-06T03:00:00.000Z,ok,NZ-NZN,106,gCO2eq/kWh,10.45
1636171202,2021-11-06T03:00:00.000Z,ok,NZ-NZN,100,gCO2eq/kWh,9.7
1636173002,2021-11-06T04:00:00.000Z,ok,NZ-NZN,100,gCO2eq/kWh,9.7
1636174802,2021-11-06T04:00:00.000Z,ok,NZ-NZN,98,gCO2eq/kWh,9.5
1636176602,2021-11-06T05:00:00.000Z,ok,NZ-NZN,98,gCO2eq/kWh,9.5
1636178402,2021-11-06T05:00:00.000Z,ok,NZ-NZN,94,gCO2eq/kWh,8.81
1636180203,2021-11-06T06:00:00.000Z,ok,NZ-NZN,94,gCO2eq/kWh,8.81
1636182002,2021-11-06T06:00:00.000Z,ok,NZ-NZN,95,gCO2eq/kWh,8.96
1636183802,2021-11-06T07:00:00.000Z,ok,NZ-NZN,95,gCO2eq/kWh,8.96
1636185602,2021-11-06T07:00:00.000Z,ok,NZ-NZN,100,gCO2eq/kWh,9.59
1636187403,2021-11-06T08:00:00.000Z,ok,NZ-NZN,100,gCO2eq/kWh,9.59
1636189202,2021-11-06T08:00:00.000Z,ok,NZ-NZN,100,gCO2eq/kWh,9.62
1636191003,2021-11-06T09:00:00.000Z,ok,NZ-NZN,100,gCO2eq/kWh,9.62
1636192802,2021-11-06T09:00:00.000Z,ok,NZ-NZN,107,gCO2eq/kWh,10.37
1636194603,2021-11-06T10:00:00.000Z,ok,NZ-NZN,107,gCO2eq/kWh,10.37
1636196402,2021-11-06T10:00:00.000Z,ok,NZ-NZN,105,gCO2eq/kWh,10.11
1636198202,2021-11-06T11:00:00.000Z,ok,NZ-NZN,105,gCO2eq/kWh,10.11
1636200002,2021-11-06T11:00:00.000Z,ok,NZ-NZN,89,gCO2eq/kWh,8.18
1636201802,2021-11-06T12:00:00.000Z,ok,NZ-NZN,85,gCO2eq/kWh,7.629999999999999
1636203603,2021-11-06T12:00:00.000Z,ok,NZ-NZN,61,gCO2eq/kWh,4.56
1636205402,2021-11-06T13:00:00.000Z,ok,NZ-NZN,61,gCO2eq/kWh,4.6
1636207202,2021-11-06T13:00:00.000Z,ok,NZ-NZN,63,gCO2eq/kWh,4.86
1636209002,2021-11-06T14:00:00.000Z,ok,NZ-NZN,63,gCO2eq/kWh,4.86
1636210802,2021-11-06T14:00:00.000Z,ok,NZ-NZN,64,gCO2eq/kWh,4.9
1636212602,2021-11-06T15:00:00.000Z,ok,NZ-NZN,64,gCO2eq/kWh,4.9
1636214402,2021-11-06T15:00:00.000Z,ok,NZ-NZN,65,gCO2eq/kWh,5.07
1636216202,2021-11-06T16:00:00.000Z,ok,NZ-NZN,65,gCO2eq/kWh,5.07
1636218002,2021-11-06T17:00:00.000Z,ok,NZ-NZN,63,gCO2eq/kWh,4.86
1636219802,2021-11-06T17:00:00.000Z,ok,NZ-NZN,63,gCO2eq/kWh,4.86
1636221602,2021-11-06T17:00:00.000Z,ok,NZ-NZN,64,gCO2eq/kWh,5.27
1636223402,2021-11-06T18:00:00.000Z,ok,NZ-NZN,64,gCO2eq/kWh,5.27
1636225202,2021-11-06T18:00:00.000Z,ok,NZ-NZN,72,gCO2eq/kWh,7.28
1636227002,2021-11-06T19:00:00.000Z,ok,NZ-NZN,72,gCO2eq/kWh,7.28
1636228802,2021-11-06T19:00:00.000Z,ok,NZ-NZN,81,gCO2eq/kWh,9.41
1636230602,2021-11-06T20:00:00.000Z,ok,NZ-NZN,81,gCO2eq/kWh,9.41
1636232402,2021-11-06T20:00:00.000Z,ok,NZ-NZN,98,gCO2eq/kWh,13.43
1636234202,2021-11-06T21:00:00.000Z,ok,NZ-NZN,98,gCO2eq/kWh,13.4
1636236003,2021-11-06T21:00:00.000Z,ok,NZ-NZN,96,gCO2eq/kWh,13
1636237802,2021-11-06T22:00:00.000Z,ok,NZ-NZN,96,gCO2eq/kWh,13
1636239602,2021-11-06T22:00:00.000Z,ok,NZ-NZN,102,gCO2eq/kWh,14.37
1636241402,2021-11-06T23:00:00.000Z,ok,NZ-NZN,102,gCO2eq/kWh,14.37
1636243202,2021-11-06T23:00:00.000Z,ok,NZ-NZN,98,gCO2eq/kWh,13.29
1636245002,2021-11-07T00:00:00.000Z,ok,NZ-NZN,98,gCO2eq/kWh,13.29
1636246802,2021-11-07T00:00:00.000Z,ok,NZ-NZN,97,gCO2eq/kWh,13.13
1636248603,2021-11-07T01:00:00.000Z,ok,NZ-NZN,97,gCO2eq/kWh,13.13
1636250402,2021-11-07T01:00:00.000Z,ok,NZ-NZN,99,gCO2eq/kWh,13.52
1636252203,2021-11-07T02:00:00.000Z,ok,NZ-NZN,100,gCO2eq/kWh,13.780000000000001
1636254003,2021-11-07T02:00:00.000Z,ok,NZ-NZN,99,gCO2eq/kWh,13.54
1636255803,2021-11-07T03:00:00.000Z,ok,NZ-NZN,99,gCO2eq/kWh,13.54
1636257603,2021-11-07T03:00:00.000Z,ok,NZ-NZN,99,gCO2eq/kWh,13.58
1636259402,2021-11-07T04:00:00.000Z,ok,NZ-NZN,100,gCO2eq/kWh,13.780000000000001
1636261202,2021-11-07T04:00:00.000Z,ok,NZ-NZN,95,gCO2eq/kWh,12.8
1636263003,2021-11-07T05:00:00.000Z,ok,NZ-NZN,95,gCO2eq/kWh,12.8
1636264802,2021-11-07T05:00:00.000Z,ok,NZ-NZN,93,gCO2eq/kWh,12.54
1636266605,2021-11-07T06:00:00.000Z,ok,NZ-NZN,93,gCO2eq/kWh,12.54
1636268403,2021-11-07T06:00:00.000Z,ok,NZ-NZN,95,gCO2eq/kWh,12.89
1636270202,2021-11-07T07:00:00.000Z,ok,NZ-NZN,95,gCO2eq/kWh,12.89
1636272002,2021-11-07T07:00:00.000Z,ok,NZ-NZN,97,gCO2eq/kWh,13.18
1636273802,2021-11-07T08:00:00.000Z,ok,NZ-NZN,97,gCO2eq/kWh,13.18
1636275602,2021-11-07T08:00:00.000Z,ok,NZ-NZN,97,gCO2eq/kWh,13.16
1636277403,2021-11-07T09:00:00.000Z,ok,NZ-NZN,97,gCO2eq/kWh,13.170000000000002
1636279202,2021-11-07T10:00:00.000Z,ok,NZ-NZN,103,gCO2eq/kWh,14.34
1636281003,2021-11-07T10:00:00.000Z,ok,NZ-NZN,103,gCO2eq/kWh,14.34
1636282802,2021-11-07T10:00:00.000Z,ok,NZ-NZN,113,gCO2eq/kWh,16.2
1636284602,2021-11-07T11:00:00.000Z,ok,NZ-NZN,113,gCO2eq/kWh,16.2
1636286402,2021-11-07T11:00:00.000Z,ok,NZ-NZN,111,gCO2eq/kWh,15.39
1636288203,2021-11-07T12:00:00.000Z,ok,NZ-NZN,114,gCO2eq/kWh,15.950000000000001
1636290002,2021-11-07T12:00:00.000Z,ok,NZ-NZN,112,gCO2eq/kWh,15.410000000000002
1636291802,2021-11-07T13:00:00.000Z,ok,NZ-NZN,112,gCO2eq/kWh,15.410000000000002
1636293603,2021-11-07T13:00:00.000Z,ok,NZ-NZN,110,gCO2eq/kWh,14.92
1636295402,2021-11-07T14:00:00.000Z,ok,NZ-NZN,110,gCO2eq/kWh,14.92
1636297203,2021-11-07T14:00:00.000Z,ok,NZ-NZN,113,gCO2eq/kWh,15.42
1636299002,2021-11-07T15:00:00.000Z,ok,NZ-NZN,113,gCO2eq/kWh,15.42
1636300802,2021-11-07T15:00:00.000Z,ok,NZ-NZN,117,gCO2eq/kWh,16.19
1636302602,2021-11-07T16:00:00.000Z,ok,NZ-NZN,117,gCO2eq/kWh,16.19
1636304402,2021-11-07T16:00:00.000Z,ok,NZ-NZN,113,gCO2eq/kWh,15.65
1636306202,2021-11-07T17:00:00.000Z,ok,NZ-NZN,113,gCO2eq/kWh,15.620000000000001
1636308003,2021-11-07T18:00:00.000Z,ok,NZ-NZN,102,gCO2eq/kWh,13.55
1636309802,2021-11-07T18:00:00.000Z,ok,NZ-NZN,102,gCO2eq/kWh,13.55
1636311602,2021-11-07T18:00:00.000Z,ok,NZ-NZN,115,gCO2eq/kWh,16.87
1636313402,2021-11-07T19:00:00.000Z,ok,NZ-NZN,115,gCO2eq/kWh,16.87
1636315202,2021-11-07T19:00:00.000Z,ok,NZ-NZN,115,gCO2eq/kWh,17.15
1636317002,2021-11-07T20:00:00.000Z,ok,NZ-NZN,115,gCO2eq/kWh,17.15
1636318803,2021-11-07T20:00:00.000Z,ok,NZ-NZN,113,gCO2eq/kWh,16.81
1636320602,2021-11-07T21:00:00.000Z,ok,NZ-NZN,113,gCO2eq/kWh,16.81
1636322402,2021-11-07T21:00:00.000Z,ok,NZ-NZN,111,gCO2eq/kWh,16.45
1636324203,2021-11-07T22:00:00.000Z,ok,NZ-NZN,111,gCO2eq/kWh,16.45
1636326003,2021-11-07T22:00:00.000Z,ok,NZ-NZN,105,gCO2eq/kWh,15.24
1636327803,2021-11-07T23:00:00.000Z,ok,NZ-NZN,105,gCO2eq/kWh,15.24
1636329602,2021-11-07T23:00:00.000Z,ok,NZ-NZN,100,gCO2eq/kWh,13.95
1636331403,2021-11-08T00:00:00.000Z,ok,NZ-NZN,100,gCO2eq/kWh,13.95
1636333204,2021-11-08T00:00:00.000Z,ok,NZ-NZN,97,gCO2eq/kWh,13.669999999999998
1636335003,2021-11-08T01:00:00.000Z,ok,NZ-NZN,98,gCO2eq/kWh,13.849999999999998
1636336802,2021-11-08T01:00:00.000Z,ok,NZ-NZN,97,gCO2eq/kWh,13.489999999999998
1636338603,2021-11-08T02:00:00.000Z,ok,NZ-NZN,97,gCO2eq/kWh,13.489999999999998
1636340402,2021-11-08T02:00:00.000Z,ok,NZ-NZN,97,gCO2eq/kWh,13.56
1636342202,2021-11-08T03:00:00.000Z,ok,NZ-NZN,97,gCO2eq/kWh,13.56
1636344005,2021-11-08T03:00:00.000Z,ok,NZ-NZN,94,gCO2eq/kWh,13.13
1636345803,2021-11-08T04:00:00.000Z,ok,NZ-NZN,94,gCO2eq/kWh,13.13
1636347602,2021-11-08T04:00:00.000Z,ok,NZ-NZN,101,gCO2eq/kWh,14.52
1636349402,2021-11-08T05:00:00.000Z,ok,NZ-NZN,101,gCO2eq/kWh,14.52
1636351202,2021-11-08T05:00:00.000Z,ok,NZ-NZN,100,gCO2eq/kWh,14.360000000000001
1636353002,2021-11-08T06:00:00.000Z,ok,NZ-NZN,100,gCO2eq/kWh,14.360000000000001
1636354802,2021-11-08T06:00:00.000Z,ok,NZ-NZN,101,gCO2eq/kWh,14.469999999999999
1636356602,2021-11-08T07:00:00.000Z,ok,NZ-NZN,101,gCO2eq/kWh,14.469999999999999
1636358403,2021-11-08T07:00:00.000Z,ok,NZ-NZN,103,gCO2eq/kWh,14.93
1636360202,2021-11-08T08:00:00.000Z,ok,NZ-NZN,103,gCO2eq/kWh,14.93
1636362002,2021-11-08T08:00:00.000Z,ok,NZ-NZN,99,gCO2eq/kWh,13.71
1636363803,2021-11-08T09:00:00.000Z,ok,NZ-NZN,100,gCO2eq/kWh,13.88
1636365602,2021-11-08T09:00:00.000Z,ok,NZ-NZN,107,gCO2eq/kWh,15.15
1636367402,2021-11-08T10:00:00.000Z,ok,NZ-NZN,107,gCO2eq/kWh,15.289999999999997
1636369202,2021-11-08T10:00:00.000Z,ok,NZ-NZN,119,gCO2eq/kWh,17.5
1636371002,2021-11-08T11:00:00.000Z,ok,NZ-NZN,119,gCO2eq/kWh,17.5
1636372802,2021-11-08T11:00:00.000Z,ok,NZ-NZN,109,gCO2eq/kWh,14.91
1636374603,2021-11-08T12:00:00.000Z,ok,NZ-NZN,110,gCO2eq/kWh,14.97
1636376402,2021-11-08T12:00:00.000Z,ok,NZ-NZN,112,gCO2eq/kWh,15.42
1636378203,2021-11-08T13:00:00.000Z,ok,NZ-NZN,112,gCO2eq/kWh,15.42
1636380004,2021-11-08T13:00:00.000Z,ok,NZ-NZN,116,gCO2eq/kWh,16.28
1636381803,2021-11-08T14:00:00.000Z,ok,NZ-NZN,116,gCO2eq/kWh,16.28
1636383603,2021-11-08T14:00:00.000Z,ok,NZ-NZN,117,gCO2eq/kWh,16.23
1636385403,2021-11-08T15:00:00.000Z,ok,NZ-NZN,117,gCO2eq/kWh,16.23
1636387203,2021-11-08T15:00:00.000Z,ok,NZ-NZN,118,gCO2eq/kWh,16.54
1636389002,2021-11-08T16:00:00.000Z,ok,NZ-NZN,118,gCO2eq/kWh,16.54
1636390802,2021-11-08T16:00:00.000Z,ok,NZ-NZN,113,gCO2eq/kWh,15.5
1636392602,2021-11-08T17:00:00.000Z,ok,NZ-NZN,113,gCO2eq/kWh,15.5
1636394403,2021-11-08T17:00:00.000Z,ok,NZ-NZN,101,gCO2eq/kWh,13.449999999999998
1636396202,2021-11-08T18:00:00.000Z,ok,NZ-NZN,101,gCO2eq/kWh,13.489999999999998
1636398002,2021-11-08T18:00:00.000Z,ok,NZ-NZN,107,gCO2eq/kWh,15.39
1636399803,2021-11-08T19:00:00.000Z,ok,NZ-NZN,107,gCO2eq/kWh,15.39
1636401602,2021-11-08T19:00:00.000Z,ok,NZ-NZN,114,gCO2eq/kWh,17.16
1636403402,2021-11-08T20:00:00.000Z,ok,NZ-NZN,114,gCO2eq/kWh,17.16
1636405202,2021-11-08T20:00:00.000Z,ok,NZ-NZN,119,gCO2eq/kWh,18.18
1636407002,2021-11-08T21:00:00.000Z,ok,NZ-NZN,119,gCO2eq/kWh,18.18
1636408802,2021-11-08T21:00:00.000Z,ok,NZ-NZN,112,gCO2eq/kWh,16.61
1636410602,2021-11-08T22:00:00.000Z,ok,NZ-NZN,112,gCO2eq/kWh,16.61
1636412402,2021-11-08T22:00:00.000Z,ok,NZ-NZN,107,gCO2eq/kWh,15.53
1636414202,2021-11-08T23:00:00.000Z,ok,NZ-NZN,107,gCO2eq/kWh,15.53
1636416002,2021-11-08T23:00:00.000Z,ok,NZ-NZN,99,gCO2eq/kWh,13.970000000000002
1636417802,2021-11-09T00:00:00.000Z,ok,NZ-NZN,99,gCO2eq/kWh,13.970000000000002
1636419608,2021-11-09T00:00:00.000Z,ok,NZ-NZN,96,gCO2eq/kWh,13.37
1636421402,2021-11-09T01:00:00.000Z,ok,NZ-NZN,96,gCO2eq/kWh,13.37
1636423203,2021-11-09T01:00:00.000Z,ok,NZ-NZN,98,gCO2eq/kWh,13.780000000000001
1636425003,2021-11-09T02:00:00.000Z,ok,NZ-NZN,98,gCO2eq/kWh,13.780000000000001
1636426802,2021-11-09T02:00:00.000Z,ok,NZ-NZN,106,gCO2eq/kWh,15.35
1636428603,2021-11-09T03:00:00.000Z,ok,NZ-NZN,106,gCO2eq/kWh,15.35
1636430402,2021-11-09T03:00:00.000Z,ok,NZ-NZN,105,gCO2eq/kWh,15.25
1636432204,2021-11-09T04:00:00.000Z,ok,NZ-NZN,107,gCO2eq/kWh,15.560000000000002
1636434003,2021-11-09T04:00:00.000Z,ok,NZ-NZN,107,gCO2eq/kWh,15.76
1636435802,2021-11-09T05:00:00.000Z,ok,NZ-NZN,110,gCO2eq/kWh,16.28
1636437602,2021-11-09T05:00:00.000Z,ok,NZ-NZN,114,gCO2eq/kWh,17.29
1636439402,2021-11-09T06:00:00.000Z,ok,NZ-NZN,114,gCO2eq/kWh,17.29
1636441203,2021-11-09T06:00:00.000Z,ok,NZ-NZN,115,gCO2eq/kWh,17.48
1636443004,2021-11-09T07:00:00.000Z,ok,NZ-NZN,115,gCO2eq/kWh,17.48
1636444802,2021-11-09T07:00:00.000Z,ok,NZ-NZN,119,gCO2eq/kWh,18.19
1636446603,2021-11-09T08:00:00.000Z,ok,NZ-NZN,120,gCO2eq/kWh,18.35
1636448403,2021-11-09T08:00:00.000Z,ok,NZ-NZN,112,gCO2eq/kWh,16.58
1636450203,2021-11-09T09:00:00.000Z,ok,NZ-NZN,115,gCO2eq/kWh,17.28
1636452002,2021-11-09T09:00:00.000Z,ok,NZ-NZN,111,gCO2eq/kWh,16.24
1636453802,2021-11-09T10:00:00.000Z,ok,NZ-NZN,110,gCO2eq/kWh,15.85
1636455603,2021-11-09T10:00:00.000Z,ok,NZ-NZN,114,gCO2eq/kWh,16.76
1636457403,2021-11-09T11:00:00.000Z,ok,NZ-NZN,114,gCO2eq/kWh,16.76
1636459202,2021-11-09T11:00:00.000Z,ok,NZ-NZN,121,gCO2eq/kWh,17.9
1636461003,2021-11-09T12:00:00.000Z,ok,NZ-NZN,121,gCO2eq/kWh,17.9
1636462802,2021-11-09T12:00:00.000Z,ok,NZ-NZN,109,gCO2eq/kWh,15.14
1636464602,2021-11-09T13:00:00.000Z,ok,NZ-NZN,111,gCO2eq/kWh,15.560000000000002
1636466403,2021-11-09T13:00:00.000Z,ok,NZ-NZN,110,gCO2eq/kWh,15.120000000000001
1636468202,2021-11-09T14:00:00.000Z,ok,NZ-NZN,110,gCO2eq/kWh,15.120000000000001
1636470003,2021-11-09T14:00:00.000Z,ok,NZ-NZN,113,gCO2eq/kWh,15.73
1636471802,2021-11-09T15:00:00.000Z,ok,NZ-NZN,113,gCO2eq/kWh,15.73
1636473603,2021-11-09T15:00:00.000Z,ok,NZ-NZN,117,gCO2eq/kWh,16.21
1636475402,2021-11-09T16:00:00.000Z,ok,NZ-NZN,117,gCO2eq/kWh,16.21
1636477202,2021-11-09T16:00:00.000Z,ok,NZ-NZN,113,gCO2eq/kWh,15.58
1636479002,2021-11-09T17:00:00.000Z,ok,NZ-NZN,113,gCO2eq/kWh,15.740000000000002
1636480803,2021-11-09T17:00:00.000Z,ok,NZ-NZN,107,gCO2eq/kWh,14.82
1636482603,2021-11-09T18:00:00.000Z,ok,NZ-NZN,106,gCO2eq/kWh,14.57
1636484402,2021-11-09T18:00:00.000Z,ok,NZ-NZN,101,gCO2eq/kWh,14.12
1636486202,2021-11-09T19:00:00.000Z,ok,NZ-NZN,102,gCO2eq/kWh,14.34
1636488003,2021-11-09T19:00:00.000Z,ok,NZ-NZN,107,gCO2eq/kWh,15.39
1636489802,2021-11-09T20:00:00.000Z,ok,NZ-NZN,106,gCO2eq/kWh,15.370000000000001
1636491602,2021-11-09T20:00:00.000Z,ok,NZ-NZN,106,gCO2eq/kWh,15.25
1636493402,2021-11-09T21:00:00.000Z,ok,NZ-NZN,106,gCO2eq/kWh,15.25
1636495202,2021-11-09T21:00:00.000Z,ok,NZ-NZN,105,gCO2eq/kWh,15.229999999999999
1636497002,2021-11-09T22:00:00.000Z,ok,NZ-NZN,105,gCO2eq/kWh,15.229999999999999
1636498802,2021-11-09T22:00:00.000Z,ok,NZ-NZN,102,gCO2eq/kWh,14.429999999999998
1636500603,2021-11-09T23:00:00.000Z,ok,NZ-NZN,102,gCO2eq/kWh,14.429999999999998
1636502402,2021-11-09T23:00:00.000Z,ok,NZ-NZN,101,gCO2eq/kWh,14.21
1636504202,2021-11-10T00:00:00.000Z,ok,NZ-NZN,101,gCO2eq/kWh,14.21
1636506002,2021-11-10T00:00:00.000Z,ok,NZ-NZN,101,gCO2eq/kWh,14.17
1636507802,2021-11-10T01:00:00.000Z,ok,NZ-NZN,101,gCO2eq/kWh,14.17
1636509602,2021-11-10T01:00:00.000Z,ok,NZ-NZN,101,gCO2eq/kWh,14.150000000000002
1636511402,2021-11-10T02:00:00.000Z,ok,NZ-NZN,101,gCO2eq/kWh,14.150000000000002
1636513202,2021-11-10T02:00:00.000Z,ok,NZ-NZN,103,gCO2eq/kWh,14.7
1636515002,2021-11-10T03:00:00.000Z,ok,NZ-NZN,103,gCO2eq/kWh,14.7
1636516802,2021-11-10T03:00:00.000Z,ok,NZ-NZN,107,gCO2eq/kWh,15.629999999999999
1636518603,2021-11-10T04:00:00.000Z,ok,NZ-NZN,107,gCO2eq/kWh,15.629999999999999
1636520402,2021-11-10T04:00:00.000Z,ok,NZ-NZN,112,gCO2eq/kWh,16.64
1636522202,2021-11-10T05:00:00.000Z,ok,NZ-NZN,112,gCO2eq/kWh,16.64
1636524003,2021-11-10T05:00:00.000Z,ok,NZ-NZN,113,gCO2eq/kWh,16.75
1636525803,2021-11-10T06:00:00.000Z,ok,NZ-NZN,113,gCO2eq/kWh,16.72
1636527603,2021-11-10T06:00:00.000Z,ok,NZ-NZN,120,gCO2eq/kWh,18.1
1636529403,2021-11-10T07:00:00.000Z,ok,NZ-NZN,121,gCO2eq/kWh,18.3
1636531203,2021-11-10T07:00:00.000Z,ok,NZ-NZN,125,gCO2eq/kWh,19.12
1636533002,2021-11-10T08:00:00.000Z,ok,NZ-NZN,125,gCO2eq/kWh,19.12
1636534802,2021-11-10T08:00:00.000Z,ok,NZ-NZN,124,gCO2eq/kWh,18.91
1636536602,2021-11-10T09:00:00.000Z,ok,NZ-NZN,124,gCO2eq/kWh,18.91
1636538407,2021-11-10T09:00:00.000Z,ok,NZ-NZN,116,gCO2eq/kWh,16.87
1636540202,2021-11-10T10:00:00.000Z,ok,NZ-NZN,116,gCO2eq/kWh,16.87
1636542002,2021-11-10T10:00:00.000Z,ok,NZ-NZN,118,gCO2eq/kWh,17.04
1636543803,2021-11-10T11:00:00.000Z,ok,NZ-NZN,118,gCO2eq/kWh,17.05
1636545602,2021-11-10T11:00:00.000Z,ok,NZ-NZN,107,gCO2eq/kWh,14.64
1636547403,2021-11-10T12:00:00.000Z,ok,NZ-NZN,109,gCO2eq/kWh,14.899999999999999
1636549203,2021-11-10T12:00:00.000Z,ok,NZ-NZN,112,gCO2eq/kWh,15.380000000000003
1636551003,2021-11-10T13:00:00.000Z,ok,NZ-NZN,112,gCO2eq/kWh,15.380000000000003
1636552802,2021-11-10T13:00:00.000Z,ok,NZ-NZN,115,gCO2eq/kWh,15.85
1636554602,2021-11-10T14:00:00.000Z,ok,NZ-NZN,115,gCO2eq/kWh,15.85
1636556403,2021-11-10T14:00:00.000Z,ok,NZ-NZN,117,gCO2eq/kWh,16.19
1636558203,2021-11-10T15:00:00.000Z,ok,NZ-NZN,117,gCO2eq/kWh,16.19
1636560002,2021-11-10T15:00:00.000Z,ok,NZ-NZN,117,gCO2eq/kWh,16.2
1636561808,2021-11-10T16:00:00.000Z,ok,NZ-NZN,117,gCO2eq/kWh,16.2
1636563604,2021-11-10T16:00:00.000Z,ok,NZ-NZN,113,gCO2eq/kWh,15.4
1636565403,2021-11-10T17:00:00.000Z,ok,NZ-NZN,113,gCO2eq/kWh,15.4
1636567203,2021-11-10T17:00:00.000Z,ok,NZ-NZN,118,gCO2eq/kWh,16.97
1636569002,2021-11-10T18:00:00.000Z,ok,NZ-NZN,118,gCO2eq/kWh,16.97
1636570802,2021-11-10T18:00:00.000Z,ok,NZ-NZN,116,gCO2eq/kWh,17.38
1636572602,2021-11-10T19:00:00.000Z,ok,NZ-NZN,116,gCO2eq/kWh,17.38
1636574403,2021-11-10T19:00:00.000Z,ok,NZ-NZN,114,gCO2eq/kWh,16.99
1636576203,2021-11-10T20:00:00.000Z,ok,NZ-NZN,114,gCO2eq/kWh,16.97
1636578003,2021-11-10T21:00:00.000Z,ok,NZ-NZN,109,gCO2eq/kWh,15.97
1636579802,2021-11-10T21:00:00.000Z,ok,NZ-NZN,109,gCO2eq/kWh,15.97
1636581603,2021-11-10T21:00:00.000Z,ok,NZ-NZN,113,gCO2eq/kWh,16.97
1636583404,2021-11-10T22:00:00.000Z,ok,NZ-NZN,113,gCO2eq/kWh,16.97
1636585203,2021-11-10T22:00:00.000Z,ok,NZ-NZN,110,gCO2eq/kWh,16.34
1636587002,2021-11-10T23:00:00.000Z,ok,NZ-NZN,110,gCO2eq/kWh,16.34
1636588802,2021-11-11T00:00:00.000Z,ok,NZ-NZN,113,gCO2eq/kWh,16.91
1636590602,2021-11-11T00:00:00.000Z,ok,NZ-NZN,113,gCO2eq/kWh,16.91
1636592402,2021-11-11T00:00:00.000Z,ok,NZ-NZN,111,gCO2eq/kWh,16.29
1636594202,2021-11-11T01:00:00.000Z,ok,NZ-NZN,111,gCO2eq/kWh,16.29
1636596002,2021-11-11T01:00:00.000Z,ok,NZ-NZN,116,gCO2eq/kWh,17.55
1636597803,2021-11-11T02:00:00.000Z,ok,NZ-NZN,117,gCO2eq/kWh,17.74
1636599602,2021-11-11T02:00:00.000Z,ok,NZ-NZN,116,gCO2eq/kWh,17.39
1636601403,2021-11-11T03:00:00.000Z,ok,NZ-NZN,117,gCO2eq/kWh,17.64
1636603202,2021-11-11T03:00:00.000Z,ok,NZ-NZN,114,gCO2eq/kWh,17.06
1636605003,2021-11-11T04:00:00.000Z,ok,NZ-NZN,114,gCO2eq/kWh,17.06
1636606803,2021-11-11T04:00:00.000Z,ok,NZ-NZN,119,gCO2eq/kWh,18.14
1636608602,2021-11-11T05:00:00.000Z,ok,NZ-NZN,119,gCO2eq/kWh,18.14
1636610403,2021-11-11T05:00:00.000Z,ok,NZ-NZN,118,gCO2eq/kWh,18.03
1636612203,2021-11-11T06:00:00.000Z,ok,NZ-NZN,118,gCO2eq/kWh,18.03
1636614003,2021-11-11T06:00:00.000Z,ok,NZ-NZN,121,gCO2eq/kWh,18.6
1636615802,2021-11-11T07:00:00.000Z,ok,NZ-NZN,121,gCO2eq/kWh,18.6
1636617603,2021-11-11T07:00:00.000Z,ok,NZ-NZN,123,gCO2eq/kWh,19.03
1636619402,2021-11-11T08:00:00.000Z,ok,NZ-NZN,123,gCO2eq/kWh,19.03
1636621202,2021-11-11T08:00:00.000Z,ok,NZ-NZN,119,gCO2eq/kWh,17.92
1636623002,2021-11-11T09:00:00.000Z,ok,NZ-NZN,116,gCO2eq/kWh,17.38
1636624804,2021-11-11T09:00:00.000Z,ok,NZ-NZN,115,gCO2eq/kWh,16.92
1636626603,2021-11-11T10:00:00.000Z,ok,NZ-NZN,115,gCO2eq/kWh,16.95
1636628403,2021-11-11T10:00:00.000Z,ok,NZ-NZN,117,gCO2eq/kWh,17.42
1636630203,2021-11-11T11:00:00.000Z,ok,NZ-NZN,117,gCO2eq/kWh,17.42
1636632004,2021-11-11T11:00:00.000Z,ok,NZ-NZN,122,gCO2eq/kWh,18.01
1636633806,2021-11-11T12:00:00.000Z,ok,NZ-NZN,122,gCO2eq/kWh,18.01
1636635602,2021-11-11T12:00:00.000Z,ok,NZ-NZN,114,gCO2eq/kWh,16.15
1636637402,2021-11-11T13:00:00.000Z,ok,NZ-NZN,114,gCO2eq/kWh,16.22
1636639202,2021-11-11T13:00:00.000Z,ok,NZ-NZN,107,gCO2eq/kWh,14.679999999999998
1636641002,2021-11-11T14:00:00.000Z,ok,NZ-NZN,108,gCO2eq/kWh,14.760000000000002
1636642803,2021-11-11T14:00:00.000Z,ok,NZ-NZN,109,gCO2eq/kWh,15.03
1636644603,2021-11-11T15:00:00.000Z,ok,NZ-NZN,110,gCO2eq/kWh,15.09
1636646403,2021-11-11T15:00:00.000Z,ok,NZ-NZN,112,gCO2eq/kWh,15.67
1636648203,2021-11-11T16:00:00.000Z,ok,NZ-NZN,112,gCO2eq/kWh,15.67
1636650002,2021-11-11T16:00:00.000Z,ok,NZ-NZN,110,gCO2eq/kWh,15.35
1636651803,2021-11-11T17:00:00.000Z,ok,NZ-NZN,110,gCO2eq/kWh,15.35
1636653602,2021-11-11T17:00:00.000Z,ok,NZ-NZN,111,gCO2eq/kWh,15.5
1636655404,2021-11-11T18:00:00.000Z,ok,NZ-NZN,112,gCO2eq/kWh,15.76
1636657202,2021-11-11T18:00:00.000Z,ok,NZ-NZN,115,gCO2eq/kWh,16.85
1636659002,2021-11-11T19:00:00.000Z,ok,NZ-NZN,115,gCO2eq/kWh,16.85
1636660803,2021-11-11T19:00:00.000Z,ok,NZ-NZN,108,gCO2eq/kWh,15.8
1636662603,2021-11-11T20:00:00.000Z,ok,NZ-NZN,108,gCO2eq/kWh,15.8
1636664402,2021-11-11T20:00:00.000Z,ok,NZ-NZN,113,gCO2eq/kWh,16.85
1636666202,2021-11-11T21:00:00.000Z,ok,NZ-NZN,113,gCO2eq/kWh,16.85
1636668002,2021-11-11T21:00:00.000Z,ok,NZ-NZN,114,gCO2eq/kWh,17.09
1636669803,2021-11-11T22:00:00.000Z,ok,NZ-NZN,114,gCO2eq/kWh,17.09
1636671603,2021-11-11T22:00:00.000Z,ok,NZ-NZN,110,gCO2eq/kWh,16.32
1636673403,2021-11-11T23:00:00.000Z,ok,NZ-NZN,110,gCO2eq/kWh,16.32
1636675203,2021-11-11T23:00:00.000Z,ok,NZ-NZN,106,gCO2eq/kWh,15.46
1636677003,2021-11-12T00:00:00.000Z,ok,NZ-NZN,106,gCO2eq/kWh,15.46
1636678802,2021-11-12T01:00:00.000Z,ok,NZ-NZN,96,gCO2eq/kWh,13.459999999999999
1636680602,2021-11-12T01:00:00.000Z,ok,NZ-NZN,96,gCO2eq/kWh,13.459999999999999
1636682403,2021-11-12T01:00:00.000Z,ok,NZ-NZN,103,gCO2eq/kWh,14.719999999999999
1636684203,2021-11-12T02:00:00.000Z,ok,NZ-NZN,103,gCO2eq/kWh,14.719999999999999
1636686004,2021-11-12T02:00:00.000Z,ok,NZ-NZN,104,gCO2eq/kWh,15.010000000000002
1636687803,2021-11-12T03:00:00.000Z,ok,NZ-NZN,105,gCO2eq/kWh,15.09
1636689602,2021-11-12T03:00:00.000Z,ok,NZ-NZN,103,gCO2eq/kWh,14.71
1636691402,2021-11-12T04:00:00.000Z,ok,NZ-NZN,103,gCO2eq/kWh,14.7
1636693204,2021-11-12T04:00:00.000Z,ok,NZ-NZN,101,gCO2eq/kWh,14.330000000000002
1636695002,2021-11-12T05:00:00.000Z,ok,NZ-NZN,101,gCO2eq/kWh,14.330000000000002
1636696802,2021-11-12T05:00:00.000Z,ok,NZ-NZN,101,gCO2eq/kWh,14.35
1636698603,2021-11-12T06:00:00.000Z,ok,NZ-NZN,101,gCO2eq/kWh,14.35
1636700402,2021-11-12T06:00:00.000Z,ok,NZ-NZN,107,gCO2eq/kWh,15.4
1636702204,2021-11-12T07:00:00.000Z,ok,NZ-NZN,107,gCO2eq/kWh,15.54
1636704002,2021-11-12T07:00:00.000Z,ok,NZ-NZN,110,gCO2eq/kWh,16
1636705802,2021-11-12T08:00:00.000Z,ok,NZ-NZN,111,gCO2eq/kWh,16.23
1636707603,2021-11-12T08:00:00.000Z,ok,NZ-NZN,111,gCO2eq/kWh,16.13
1636709404,2021-11-12T09:00:00.000Z,ok,NZ-NZN,112,gCO2eq/kWh,16.27
1636713002,2021-11-12T10:00:00.000Z,ok,NZ-NZN,122,gCO2eq/kWh,18.18
1636714827,2021-11-12T11:00:00.000Z,ok,NZ-NZN,116,gCO2eq/kWh,16.72
1636716604,2021-11-12T11:00:00.000Z,ok,NZ-NZN,116,gCO2eq/kWh,16.72
1636718402,2021-11-12T11:00:00.000Z,ok,NZ-NZN,100,gCO2eq/kWh,13.22
1636720202,2021-11-12T12:00:00.000Z,ok,NZ-NZN,100,gCO2eq/kWh,13.22
1636722003,2021-11-12T12:00:00.000Z,ok,NZ-NZN,65,gCO2eq/kWh,5.35
1636723802,2021-11-12T13:00:00.000Z,ok,NZ-NZN,65,gCO2eq/kWh,5.35
1636725602,2021-11-12T13:00:00.000Z,ok,NZ-NZN,66,gCO2eq/kWh,5.51
1636727403,2021-11-12T14:00:00.000Z,ok,NZ-NZN,66,gCO2eq/kWh,5.51
1636729203,2021-11-12T14:00:00.000Z,ok,NZ-NZN,68,gCO2eq/kWh,5.75
1636731003,2021-11-12T15:00:00.000Z,ok,NZ-NZN,68,gCO2eq/kWh,5.75
1636732803,2021-11-12T15:00:00.000Z,ok,NZ-NZN,68,gCO2eq/kWh,5.8
1636734604,2021-11-12T16:00:00.000Z,ok,NZ-NZN,68,gCO2eq/kWh,5.78
1636736403,2021-11-12T16:00:00.000Z,ok,NZ-NZN,66,gCO2eq/kWh,5.4
1636738202,2021-11-12T17:00:00.000Z,ok,NZ-NZN,66,gCO2eq/kWh,5.43
1636740002,2021-11-12T17:00:00.000Z,ok,NZ-NZN,64,gCO2eq/kWh,5.36
1636741804,2021-11-12T18:00:00.000Z,ok,NZ-NZN,64,gCO2eq/kWh,5.36
1636743604,2021-11-12T18:00:00.000Z,ok,NZ-NZN,103,gCO2eq/kWh,14.04
1636745403,2021-11-12T19:00:00.000Z,ok,NZ-NZN,103,gCO2eq/kWh,14.05
1636747203,2021-11-12T19:00:00.000Z,ok,NZ-NZN,109,gCO2eq/kWh,15.810000000000002
1636749003,2021-11-12T20:00:00.000Z,ok,NZ-NZN,109,gCO2eq/kWh,15.810000000000002
1636750802,2021-11-12T20:00:00.000Z,ok,NZ-NZN,108,gCO2eq/kWh,15.659999999999998
1636752602,2021-11-12T21:00:00.000Z,ok,NZ-NZN,108,gCO2eq/kWh,15.659999999999998
1636754403,2021-11-12T21:00:00.000Z,ok,NZ-NZN,105,gCO2eq/kWh,15.329999999999998
1636756205,2021-11-12T22:00:00.000Z,ok,NZ-NZN,106,gCO2eq/kWh,15.5
1636758003,2021-11-12T22:00:00.000Z,ok,NZ-NZN,102,gCO2eq/kWh,14.730000000000002
1636759802,2021-11-12T23:00:00.000Z,ok,NZ-NZN,103,gCO2eq/kWh,14.730000000000002
1636761602,2021-11-12T23:00:00.000Z,ok,NZ-NZN,104,gCO2eq/kWh,15.06
1636763403,2021-11-13T00:00:00.000Z,ok,NZ-NZN,104,gCO2eq/kWh,15.06
1636765203,2021-11-13T00:00:00.000Z,ok,NZ-NZN,107,gCO2eq/kWh,15.55
1636767004,2021-11-13T01:00:00.000Z,ok,NZ-NZN,107,gCO2eq/kWh,15.55
1636768804,2021-11-13T01:00:00.000Z,ok,NZ-NZN,111,gCO2eq/kWh,16.32
1636770602,2021-11-13T02:00:00.000Z,ok,NZ-NZN,111,gCO2eq/kWh,16.32
1636772402,2021-11-13T02:00:00.000Z,ok,NZ-NZN,109,gCO2eq/kWh,15.85
1636774202,2021-11-13T03:00:00.000Z,ok,NZ-NZN,109,gCO2eq/kWh,15.85
1636776002,2021-11-13T03:00:00.000Z,ok,NZ-NZN,110,gCO2eq/kWh,16.21
1636777803,2021-11-13T04:00:00.000Z,ok,NZ-NZN,110,gCO2eq/kWh,16.2
1636779602,2021-11-13T04:00:00.000Z,ok,NZ-NZN,108,gCO2eq/kWh,15.76
1636781403,2021-11-13T05:00:00.000Z,ok,NZ-NZN,108,gCO2eq/kWh,15.72
1636783203,2021-11-13T05:00:00.000Z,ok,NZ-NZN,105,gCO2eq/kWh,15.160000000000002
1636785003,2021-11-13T06:00:00.000Z,ok,NZ-NZN,105,gCO2eq/kWh,15.160000000000002
1636786802,2021-11-13T06:00:00.000Z,ok,NZ-NZN,107,gCO2eq/kWh,15.620000000000001
1636788602,2021-11-13T07:00:00.000Z,ok,NZ-NZN,108,gCO2eq/kWh,15.73
1636790403,2021-11-13T07:00:00.000Z,ok,NZ-NZN,104,gCO2eq/kWh,14.66
1636792202,2021-11-13T08:00:00.000Z,ok,NZ-NZN,104,gCO2eq/kWh,14.66
1636794002,2021-11-13T08:00:00.000Z,ok,NZ-NZN,105,gCO2eq/kWh,14.92
1636795802,2021-11-13T09:00:00.000Z,ok,NZ-NZN,105,gCO2eq/kWh,14.92
1636797603,2021-11-13T09:00:00.000Z,ok,NZ-NZN,112,gCO2eq/kWh,16.17
1636799402,2021-11-13T10:00:00.000Z,ok,NZ-NZN,112,gCO2eq/kWh,16.17
1636801203,2021-11-13T10:00:00.000Z,ok,NZ-NZN,103,gCO2eq/kWh,13.94
1636803002,2021-11-13T11:00:00.000Z,ok,NZ-NZN,103,gCO2eq/kWh,13.849999999999998
1636804802,2021-11-13T11:00:00.000Z,ok,NZ-NZN,104,gCO2eq/kWh,14.02
1636806602,2021-11-13T12:00:00.000Z,ok,NZ-NZN,104,gCO2eq/kWh,14.02
1636808402,2021-11-13T12:00:00.000Z,ok,NZ-NZN,65,gCO2eq/kWh,5.41
1636810203,2021-11-13T13:00:00.000Z,ok,NZ-NZN,65,gCO2eq/kWh,5.42
1636812002,2021-11-13T13:00:00.000Z,ok,NZ-NZN,66,gCO2eq/kWh,5.47
1636813802,2021-11-13T14:00:00.000Z,ok,NZ-NZN,66,gCO2eq/kWh,5.47
1636815602,2021-11-13T14:00:00.000Z,ok,NZ-NZN,67,gCO2eq/kWh,5.6
1636817403,2021-11-13T15:00:00.000Z,ok,NZ-NZN,67,gCO2eq/kWh,5.6
1636819203,2021-11-13T15:00:00.000Z,ok,NZ-NZN,68,gCO2eq/kWh,5.76
1636821002,2021-11-13T16:00:00.000Z,ok,NZ-NZN,68,gCO2eq/kWh,5.76
1636822803,2021-11-13T16:00:00.000Z,ok,NZ-NZN,66,gCO2eq/kWh,5.51
1636824603,2021-11-13T17:00:00.000Z,ok,NZ-NZN,66,gCO2eq/kWh,5.5
1636826402,2021-11-13T17:00:00.000Z,ok,NZ-NZN,95,gCO2eq/kWh,11.86
1636828202,2021-11-13T18:00:00.000Z,ok,NZ-NZN,106,gCO2eq/kWh,14.26
1636830002,2021-11-13T18:00:00.000Z,ok,NZ-NZN,109,gCO2eq/kWh,15.039999999999997
1636831803,2021-11-13T19:00:00.000Z,ok,NZ-NZN,109,gCO2eq/kWh,15.1
1636833603,2021-11-13T19:00:00.000Z,ok,NZ-NZN,107,gCO2eq/kWh,15.1
1636835402,2021-11-13T20:00:00.000Z,ok,NZ-NZN,108,gCO2eq/kWh,15.299999999999999
1636837203,2021-11-13T20:00:00.000Z,ok,NZ-NZN,106,gCO2eq/kWh,14.92
1636839002,2021-11-13T21:00:00.000Z,ok,NZ-NZN,106,gCO2eq/kWh,14.92
1636840803,2021-11-13T21:00:00.000Z,ok,NZ-NZN,107,gCO2eq/kWh,15.299999999999999
1636842603,2021-11-13T22:00:00.000Z,ok,NZ-NZN,107,gCO2eq/kWh,15.299999999999999
1636844402,2021-11-13T22:00:00.000Z,ok,NZ-NZN,100,gCO2eq/kWh,13.88
1636846202,2021-11-13T23:00:00.000Z,ok,NZ-NZN,99,gCO2eq/kWh,13.61
1636848003,2021-11-13T23:00:00.000Z,ok,NZ-NZN,99,gCO2eq/kWh,13.71
1636849802,2021-11-14T00:00:00.000Z,ok,NZ-NZN,99,gCO2eq/kWh,13.71
1636853402,2021-11-14T01:00:00.000Z,ok,NZ-NZN,91,gCO2eq/kWh,12.16
1636855202,2021-11-14T01:00:00.000Z,ok,NZ-NZN,94,gCO2eq/kWh,12.710000000000003
1636857002,2021-11-14T02:00:00.000Z,ok,NZ-NZN,94,gCO2eq/kWh,12.75
1636858802,2021-11-14T02:00:00.000Z,ok,NZ-NZN,95,gCO2eq/kWh,12.78
1636860603,2021-11-14T03:00:00.000Z,ok,NZ-NZN,95,gCO2eq/kWh,12.78
1636862402,2021-11-14T03:00:00.000Z,ok,NZ-NZN,94,gCO2eq/kWh,12.68
1636864202,2021-11-14T04:00:00.000Z,ok,NZ-NZN,94,gCO2eq/kWh,12.68
1636866003,2021-11-14T04:00:00.000Z,ok,NZ-NZN,91,gCO2eq/kWh,12.14
1636867803,2021-11-14T05:00:00.000Z,ok,NZ-NZN,91,gCO2eq/kWh,12.14
1636869602,2021-11-14T05:00:00.000Z,ok,NZ-NZN,97,gCO2eq/kWh,13.449999999999998
1636871403,2021-11-14T06:00:00.000Z,ok,NZ-NZN,97,gCO2eq/kWh,13.449999999999998
1636873203,2021-11-14T06:00:00.000Z,ok,NZ-NZN,106,gCO2eq/kWh,15.35
1636875003,2021-11-14T07:00:00.000Z,ok,NZ-NZN,106,gCO2eq/kWh,15.35
1636876802,2021-11-14T07:00:00.000Z,ok,NZ-NZN,111,gCO2eq/kWh,16.05
1636878602,2021-11-14T08:00:00.000Z,ok,NZ-NZN,111,gCO2eq/kWh,16.05
1636880403,2021-11-14T08:00:00.000Z,ok,NZ-NZN,110,gCO2eq/kWh,16.06
1636882204,2021-11-14T09:00:00.000Z,ok,NZ-NZN,110,gCO2eq/kWh,16.06
1636884003,2021-11-14T09:00:00.000Z,ok,NZ-NZN,115,gCO2eq/kWh,16.83
1636885802,2021-11-14T10:00:00.000Z,ok,NZ-NZN,115,gCO2eq/kWh,16.83
1636887602,2021-11-14T10:00:00.000Z,ok,NZ-NZN,104,gCO2eq/kWh,14.09
1636889402,2021-11-14T11:00:00.000Z,ok,NZ-NZN,104,gCO2eq/kWh,14.09
1636891203,2021-11-14T11:00:00.000Z,ok,NZ-NZN,109,gCO2eq/kWh,14.92
1636893002,2021-11-14T12:00:00.000Z,ok,NZ-NZN,109,gCO2eq/kWh,14.92
1636894803,2021-11-14T12:00:00.000Z,ok,NZ-NZN,109,gCO2eq/kWh,14.96
1636896602,2021-11-14T13:00:00.000Z,ok,NZ-NZN,109,gCO2eq/kWh,14.96
1636898402,2021-11-14T13:00:00.000Z,ok,NZ-NZN,110,gCO2eq/kWh,15.15
1636900202,2021-11-14T14:00:00.000Z,ok,NZ-NZN,110,gCO2eq/kWh,15.15
1636902003,2021-11-14T14:00:00.000Z,ok,NZ-NZN,115,gCO2eq/kWh,16.31
1636903802,2021-11-14T15:00:00.000Z,ok,NZ-NZN,115,gCO2eq/kWh,16.31
1636905603,2021-11-14T15:00:00.000Z,ok,NZ-NZN,113,gCO2eq/kWh,15.810000000000002
1636907403,2021-11-14T16:00:00.000Z,ok,NZ-NZN,113,gCO2eq/kWh,15.810000000000002
1636909202,2021-11-14T16:00:00.000Z,ok,NZ-NZN,118,gCO2eq/kWh,16.81
1636911002,2021-11-14T17:00:00.000Z,ok,NZ-NZN,117,gCO2eq/kWh,16.69
1636912803,2021-11-14T17:00:00.000Z,ok,NZ-NZN,116,gCO2eq/kWh,16.75
1636914602,2021-11-14T18:00:00.000Z,ok,NZ-NZN,117,gCO2eq/kWh,16.87
1636916402,2021-11-14T18:00:00.000Z,ok,NZ-NZN,119,gCO2eq/kWh,17.92
1636918202,2021-11-14T19:00:00.000Z,ok,NZ-NZN,119,gCO2eq/kWh,17.91
1636920002,2021-11-14T19:00:00.000Z,ok,NZ-NZN,111,gCO2eq/kWh,16.44
1636921802,2021-11-14T20:00:00.000Z,ok,NZ-NZN,111,gCO2eq/kWh,16.49
1636923603,2021-11-14T20:00:00.000Z,ok,NZ-NZN,109,gCO2eq/kWh,16.09
1636925402,2021-11-14T21:00:00.000Z,ok,NZ-NZN,110,gCO2eq/kWh,16.19
1636927203,2021-11-14T21:00:00.000Z,ok,NZ-NZN,109,gCO2eq/kWh,16.13
1636929003,2021-11-14T22:00:00.000Z,ok,NZ-NZN,110,gCO2eq/kWh,16.2
1636930802,2021-11-14T22:00:00.000Z,ok,NZ-NZN,102,gCO2eq/kWh,14.49
1636932602,2021-11-14T23:00:00.000Z,ok,NZ-NZN,102,gCO2eq/kWh,14.49
1636934403,2021-11-14T23:00:00.000Z,ok,NZ-NZN,90,gCO2eq/kWh,11.94
1636936202,2021-11-15T00:00:00.000Z,ok,NZ-NZN,90,gCO2eq/kWh,11.88
1636938003,2021-11-15T00:00:00.000Z,ok,NZ-NZN,87,gCO2eq/kWh,11.42
1636939802,2021-11-15T01:00:00.000Z,ok,NZ-NZN,87,gCO2eq/kWh,11.43
1636941602,2021-11-15T01:00:00.000Z,ok,NZ-NZN,90,gCO2eq/kWh,11.91
1636943403,2021-11-15T02:00:00.000Z,ok,NZ-NZN,90,gCO2eq/kWh,11.91
1636945202,2021-11-15T02:00:00.000Z,ok,NZ-NZN,87,gCO2eq/kWh,11.32
1636947003,2021-11-15T03:00:00.000Z,ok,NZ-NZN,87,gCO2eq/kWh,11.38
1636948802,2021-11-15T03:00:00.000Z,ok,NZ-NZN,93,gCO2eq/kWh,12.67
1636950602,2021-11-15T04:00:00.000Z,ok,NZ-NZN,93,gCO2eq/kWh,12.73
1636952402,2021-11-15T04:00:00.000Z,ok,NZ-NZN,103,gCO2eq/kWh,14.96
1636954202,2021-11-15T05:00:00.000Z,ok,NZ-NZN,105,gCO2eq/kWh,15.2
1636956002,2021-11-15T05:00:00.000Z,ok,NZ-NZN,103,gCO2eq/kWh,15.02
1636957802,2021-11-15T06:00:00.000Z,ok,NZ-NZN,103,gCO2eq/kWh,15.02
1636959602,2021-11-15T06:00:00.000Z,ok,NZ-NZN,103,gCO2eq/kWh,14.87
1636961402,2021-11-15T07:00:00.000Z,ok,NZ-NZN,103,gCO2eq/kWh,14.87
1636963203,2021-11-15T07:00:00.000Z,ok,NZ-NZN,103,gCO2eq/kWh,14.78
1636965003,2021-11-15T08:00:00.000Z,ok,NZ-NZN,103,gCO2eq/kWh,14.78
1636966803,2021-11-15T08:00:00.000Z,ok,NZ-NZN,106,gCO2eq/kWh,15.32
1636968602,2021-11-15T09:00:00.000Z,ok,NZ-NZN,106,gCO2eq/kWh,15.329999999999998
1636970402,2021-11-15T09:00:00.000Z,ok,NZ-NZN,113,gCO2eq/kWh,16.59
1636972202,2021-11-15T10:00:00.000Z,ok,NZ-NZN,113,gCO2eq/kWh,16.6
1636974002,2021-11-15T10:00:00.000Z,ok,NZ-NZN,113,gCO2eq/kWh,16.14
1636975802,2021-11-15T11:00:00.000Z,ok,NZ-NZN,113,gCO2eq/kWh,16.14
1636977602,2021-11-15T12:00:00.000Z,ok,NZ-NZN,112,gCO2eq/kWh,15.73
1636979403,2021-11-15T12:00:00.000Z,ok,NZ-NZN,112,gCO2eq/kWh,15.73
1636981202,2021-11-15T12:00:00.000Z,ok,NZ-NZN,114,gCO2eq/kWh,15.879999999999999
1636983002,2021-11-15T13:00:00.000Z,ok,NZ-NZN,114,gCO2eq/kWh,15.879999999999999
1636984802,2021-11-15T13:00:00.000Z,ok,NZ-NZN,114,gCO2eq/kWh,15.9
1636986602,2021-11-15T14:00:00.000Z,ok,NZ-NZN,114,gCO2eq/kWh,15.9
1636988403,2021-11-15T15:00:00.000Z,ok,NZ-NZN,117,gCO2eq/kWh,16.65
1636990203,2021-11-15T15:00:00.000Z,ok,NZ-NZN,117,gCO2eq/kWh,16.65
1636992002,2021-11-15T15:00:00.000Z,ok,NZ-NZN,115,gCO2eq/kWh,16.25
1636993803,2021-11-15T16:00:00.000Z,ok,NZ-NZN,115,gCO2eq/kWh,16.25
1636995602,2021-11-15T16:00:00.000Z,ok,NZ-NZN,115,gCO2eq/kWh,16.17
1636997402,2021-11-15T17:00:00.000Z,ok,NZ-NZN,115,gCO2eq/kWh,16.17
1636999202,2021-11-15T17:00:00.000Z,ok,NZ-NZN,109,gCO2eq/kWh,15.28
1637001002,2021-11-15T18:00:00.000Z,ok,NZ-NZN,109,gCO2eq/kWh,15.27
1637002803,2021-11-15T18:00:00.000Z,ok,NZ-NZN,113,gCO2eq/kWh,16.7
1637004602,2021-11-15T19:00:00.000Z,ok,NZ-NZN,113,gCO2eq/kWh,16.7
1637006403,2021-11-15T19:00:00.000Z,ok,NZ-NZN,96,gCO2eq/kWh,13.33
1637008203,2021-11-15T20:00:00.000Z,ok,NZ-NZN,96,gCO2eq/kWh,13.33
1637010002,2021-11-15T20:00:00.000Z,ok,NZ-NZN,101,gCO2eq/kWh,14.429999999999998
1637011803,2021-11-15T21:00:00.000Z,ok,NZ-NZN,103,gCO2eq/kWh,14.71
1637013602,2021-11-15T21:00:00.000Z,ok,NZ-NZN,102,gCO2eq/kWh,14.74
1637015402,2021-11-15T22:00:00.000Z,ok,NZ-NZN,102,gCO2eq/kWh,14.74
1637017204,2021-11-15T22:00:00.000Z,ok,NZ-NZN,95,gCO2eq/kWh,13.19
1637019009,2021-11-15T23:00:00.000Z,ok,NZ-NZN,95,gCO2eq/kWh,13.26
1637020802,2021-11-15T23:00:00.000Z,ok,NZ-NZN,95,gCO2eq/kWh,13.22
1637022602,2021-11-16T00:00:00.000Z,ok,NZ-NZN,95,gCO2eq/kWh,13.22
1637024403,2021-11-16T00:00:00.000Z,ok,NZ-NZN,95,gCO2eq/kWh,13.26
1637026202,2021-11-16T01:00:00.000Z,ok,NZ-NZN,95,gCO2eq/kWh,13.26
1637028003,2021-11-16T01:00:00.000Z,ok,NZ-NZN,96,gCO2eq/kWh,13.449999999999998
1637029802,2021-11-16T02:00:00.000Z,ok,NZ-NZN,96,gCO2eq/kWh,13.449999999999998
1637031602,2021-11-16T02:00:00.000Z,ok,NZ-NZN,96,gCO2eq/kWh,13.390000000000002
1637033402,2021-11-16T03:00:00.000Z,ok,NZ-NZN,96,gCO2eq/kWh,13.390000000000002
1637035202,2021-11-16T03:00:00.000Z,ok,NZ-NZN,99,gCO2eq/kWh,13.98
1637037002,2021-11-16T04:00:00.000Z,ok,NZ-NZN,99,gCO2eq/kWh,13.98
1637038802,2021-11-16T04:00:00.000Z,ok,NZ-NZN,99,gCO2eq/kWh,13.98
1637040603,2021-11-16T04:00:00.000Z,ok,NZ-NZN,99,gCO2eq/kWh,13.98
1637042403,2021-11-16T04:00:00.000Z,ok,NZ-NZN,99,gCO2eq/kWh,13.98
1637044202,2021-11-16T04:00:00.000Z,ok,NZ-NZN,99,gCO2eq/kWh,13.98
1637046003,2021-11-16T04:00:00.000Z,ok,NZ-NZN,99,gCO2eq/kWh,13.98
1637047802,2021-11-16T04:00:00.000Z,ok,NZ-NZN,99,gCO2eq/kWh,13.98
1637049604,2021-11-16T04:00:00.000Z,ok,NZ-NZN,99,gCO2eq/kWh,13.98
